2025-12-26 23:11:28 INFO  c.p.p.p.ProjectionReadyFeaturesApplicationTests - Starting ProjectionReadyFeaturesApplicationTests using Java 25 with PID 82792 (started by parthiv in /Users/parthiv/Downloads/projection-ready-features)
2025-12-26 23:11:28 DEBUG c.p.p.p.ProjectionReadyFeaturesApplicationTests - Running with Spring Boot v4.0.1, Spring v7.0.2
2025-12-26 23:11:28 INFO  c.p.p.p.ProjectionReadyFeaturesApplicationTests - No active profile set, falling back to 1 default profile: "default"
2025-12-26 23:11:28 DEBUG o.s.b.SpringApplication - Loading source class com.projects.parthiv.projection_ready_features.ProjectionReadyFeaturesApplication
2025-12-26 23:11:28 DEBUG o.s.b.d.s.DevToolsSettings - Included patterns for restart : []
2025-12-26 23:11:28 DEBUG o.s.b.d.s.DevToolsSettings - Excluded patterns for restart : [/spring-boot-starter-[\w-]+/, /spring-boot/(bin|build|out)/, /spring-boot-starter/(bin|build|out)/, /spring-boot-devtools/(bin|build|out)/, /spring-boot-actuator/(bin|build|out)/, /spring-boot-autoconfigure/(bin|build|out)/]
2025-12-26 23:11:28 DEBUG o.s.w.c.s.GenericWebApplicationContext - Refreshing org.springframework.web.context.support.GenericWebApplicationContext@3db972d2
2025-12-26 23:11:28 DEBUG o.s.b.f.s.DefaultListableBeanFactory - Creating shared instance of singleton bean 'org.springframework.context.annotation.internalConfigurationAnnotationProcessor'
2025-12-26 23:11:28 DEBUG o.s.b.f.s.DefaultListableBeanFactory - Creating shared instance of singleton bean 'org.springframework.boot.autoconfigure.internalCachingMetadataReaderFactory'
2025-12-26 23:11:28 DEBUG o.s.c.a.ClassPathBeanDefinitionScanner - Identified candidate component class: file [/Users/parthiv/Downloads/projection-ready-features/target/classes/com/projects/parthiv/projection_ready_features/advice/GlobalExceptionHandler.class]
2025-12-26 23:11:28 DEBUG o.s.c.a.ClassPathBeanDefinitionScanner - Identified candidate component class: file [/Users/parthiv/Downloads/projection-ready-features/target/classes/com/projects/parthiv/projection_ready_features/config/AppConfig.class]
2025-12-26 23:11:28 DEBUG o.s.c.a.ClassPathBeanDefinitionScanner - Identified candidate component class: file [/Users/parthiv/Downloads/projection-ready-features/target/classes/com/projects/parthiv/projection_ready_features/config/RestClientConfig.class]
2025-12-26 23:11:28 DEBUG o.s.c.a.ClassPathBeanDefinitionScanner - Identified candidate component class: file [/Users/parthiv/Downloads/projection-ready-features/target/classes/com/projects/parthiv/projection_ready_features/controllers/AuditController.class]
2025-12-26 23:11:28 DEBUG o.s.c.a.ClassPathBeanDefinitionScanner - Identified candidate component class: file [/Users/parthiv/Downloads/projection-ready-features/target/classes/com/projects/parthiv/projection_ready_features/controllers/PostController.class]
2025-12-26 23:11:28 DEBUG o.s.c.a.ClassPathBeanDefinitionScanner - Identified candidate component class: file [/Users/parthiv/Downloads/projection-ready-features/target/classes/com/projects/parthiv/projection_ready_features/impl/EmployeeClientImpl.class]
2025-12-26 23:11:28 DEBUG o.s.c.a.ClassPathBeanDefinitionScanner - Ignored because not a concrete top-level class: file [/Users/parthiv/Downloads/projection-ready-features/target/classes/com/projects/parthiv/projection_ready_features/repositories/PostRepository.class]
2025-12-26 23:11:28 DEBUG o.s.c.a.ClassPathBeanDefinitionScanner - Identified candidate component class: file [/Users/parthiv/Downloads/projection-ready-features/target/classes/com/projects/parthiv/projection_ready_features/services/PostServiceImpl.class]
2025-12-26 23:11:28 INFO  o.s.d.r.c.RepositoryConfigurationDelegate - Bootstrapping Spring Data JPA repositories in DEFAULT mode.
2025-12-26 23:11:28 DEBUG o.s.b.f.s.DefaultListableBeanFactory - Creating shared instance of singleton bean 'org.springframework.boot.autoconfigure.AutoConfigurationPackages'
2025-12-26 23:11:28 DEBUG o.s.b.a.AutoConfigurationPackages - @EnableAutoConfiguration was declared on a class in the package 'com.projects.parthiv.projection_ready_features'. Automatic @Repository and @Entity scanning is enabled.
2025-12-26 23:11:28 DEBUG o.s.d.r.c.RepositoryConfigurationDelegate - Scanning for JPA repositories in packages com.projects.parthiv.projection_ready_features.
2025-12-26 23:11:28 DEBUG o.s.d.r.c.RepositoryComponentProvider - Identified candidate component class: file [/Users/parthiv/Downloads/projection-ready-features/target/classes/com/projects/parthiv/projection_ready_features/repositories/PostRepository.class]
2025-12-26 23:11:28 DEBUG o.s.c.a.ClassPathScanningCandidateComponentProvider - Identified candidate component class: file [/Users/parthiv/Downloads/projection-ready-features/target/classes/com/projects/parthiv/projection_ready_features/auth/AuditorAwareImpl.class]
2025-12-26 23:11:28 DEBUG o.s.c.a.ClassPathScanningCandidateComponentProvider - Identified candidate component class: file [/Users/parthiv/Downloads/projection-ready-features/target/classes/com/projects/parthiv/projection_ready_features/impl/EmployeeClientImpl.class]
2025-12-26 23:11:28 DEBUG o.s.c.a.ClassPathScanningCandidateComponentProvider - Identified candidate component class: file [/Users/parthiv/Downloads/projection-ready-features/target/classes/com/projects/parthiv/projection_ready_features/services/PostServiceImpl.class]
2025-12-26 23:11:28 INFO  o.s.d.r.c.RepositoryConfigurationDelegate - Finished Spring Data repository scanning in 15 ms. Found 1 JPA repository interface.
2025-12-26 23:11:28 INFO  c.p.p.p.ProjectionReadyFeaturesApplication - Starting ProjectionReadyFeaturesApplication using Java 25 with PID 82192 (/Users/parthiv/Downloads/projection-ready-features/target/classes started by parthiv in /Users/parthiv/Downloads/projection-ready-features)
2025-12-26 23:11:28 DEBUG c.p.p.p.ProjectionReadyFeaturesApplication - Running with Spring Boot v4.0.1, Spring v7.0.2
2025-12-26 23:11:28 INFO  c.p.p.p.ProjectionReadyFeaturesApplication - No active profile set, falling back to 1 default profile: "default"
2025-12-26 23:11:28 DEBUG o.s.b.SpringApplication - Loading source class com.projects.parthiv.projection_ready_features.ProjectionReadyFeaturesApplication
2025-12-26 23:11:28 DEBUG o.s.b.w.s.s.c.AnnotationConfigServletWebServerApplicationContext - Refreshing org.springframework.boot.web.server.servlet.context.AnnotationConfigServletWebServerApplicationContext@157557ec
2025-12-26 23:11:28 DEBUG o.s.b.f.s.DefaultListableBeanFactory - Creating shared instance of singleton bean 'org.springframework.context.annotation.internalConfigurationAnnotationProcessor'
2025-12-26 23:11:28 DEBUG o.s.b.f.s.DefaultListableBeanFactory - Creating shared instance of singleton bean 'org.springframework.boot.autoconfigure.internalCachingMetadataReaderFactory'
2025-12-26 23:11:28 DEBUG o.s.c.a.ClassPathBeanDefinitionScanner - Identified candidate component class: file [/Users/parthiv/Downloads/projection-ready-features/target/classes/com/projects/parthiv/projection_ready_features/advice/GlobalExceptionHandler.class]
2025-12-26 23:11:28 DEBUG o.s.c.a.ClassPathBeanDefinitionScanner - Identified candidate component class: file [/Users/parthiv/Downloads/projection-ready-features/target/classes/com/projects/parthiv/projection_ready_features/config/AppConfig.class]
2025-12-26 23:11:28 DEBUG o.s.c.a.ClassPathBeanDefinitionScanner - Identified candidate component class: file [/Users/parthiv/Downloads/projection-ready-features/target/classes/com/projects/parthiv/projection_ready_features/config/RestClientConfig.class]
2025-12-26 23:11:28 DEBUG o.s.c.a.ClassPathBeanDefinitionScanner - Identified candidate component class: file [/Users/parthiv/Downloads/projection-ready-features/target/classes/com/projects/parthiv/projection_ready_features/controllers/AuditController.class]
2025-12-26 23:11:28 DEBUG o.s.c.a.ClassPathBeanDefinitionScanner - Identified candidate component class: file [/Users/parthiv/Downloads/projection-ready-features/target/classes/com/projects/parthiv/projection_ready_features/controllers/PostController.class]
2025-12-26 23:11:28 DEBUG o.s.c.a.ClassPathBeanDefinitionScanner - Identified candidate component class: file [/Users/parthiv/Downloads/projection-ready-features/target/classes/com/projects/parthiv/projection_ready_features/impl/EmployeeClientImpl.class]
2025-12-26 23:11:28 DEBUG o.s.c.a.ClassPathBeanDefinitionScanner - Ignored because not a concrete top-level class: file [/Users/parthiv/Downloads/projection-ready-features/target/classes/com/projects/parthiv/projection_ready_features/repositories/PostRepository.class]
2025-12-26 23:11:28 DEBUG o.s.c.a.ClassPathBeanDefinitionScanner - Identified candidate component class: file [/Users/parthiv/Downloads/projection-ready-features/target/classes/com/projects/parthiv/projection_ready_features/services/PostServiceImpl.class]
2025-12-26 23:11:28 INFO  o.s.d.r.c.RepositoryConfigurationDelegate - Bootstrapping Spring Data JPA repositories in DEFAULT mode.
2025-12-26 23:11:28 DEBUG o.s.b.f.s.DefaultListableBeanFactory - Creating shared instance of singleton bean 'org.springframework.boot.autoconfigure.AutoConfigurationPackages'
2025-12-26 23:11:28 DEBUG o.s.b.a.AutoConfigurationPackages - @EnableAutoConfiguration was declared on a class in the package 'com.projects.parthiv.projection_ready_features'. Automatic @Repository and @Entity scanning is enabled.
2025-12-26 23:11:28 DEBUG o.s.d.r.c.RepositoryConfigurationDelegate - Scanning for JPA repositories in packages com.projects.parthiv.projection_ready_features.
2025-12-26 23:11:28 DEBUG o.s.d.r.c.RepositoryComponentProvider - Identified candidate component class: file [/Users/parthiv/Downloads/projection-ready-features/target/classes/com/projects/parthiv/projection_ready_features/repositories/PostRepository.class]
2025-12-26 23:11:28 DEBUG o.s.c.a.ClassPathScanningCandidateComponentProvider - Identified candidate component class: file [/Users/parthiv/Downloads/projection-ready-features/target/classes/com/projects/parthiv/projection_ready_features/auth/AuditorAwareImpl.class]
2025-12-26 23:11:28 DEBUG o.s.c.a.ClassPathScanningCandidateComponentProvider - Identified candidate component class: file [/Users/parthiv/Downloads/projection-ready-features/target/classes/com/projects/parthiv/projection_ready_features/impl/EmployeeClientImpl.class]
2025-12-26 23:11:28 DEBUG o.s.c.a.ClassPathScanningCandidateComponentProvider - Identified candidate component class: file [/Users/parthiv/Downloads/projection-ready-features/target/classes/com/projects/parthiv/projection_ready_features/services/PostServiceImpl.class]
2025-12-26 23:11:28 INFO  o.s.d.r.c.RepositoryConfigurationDelegate - Finished Spring Data repository scanning in 2 ms. Found 1 JPA repository interface.
2025-12-26 23:11:28 DEBUG o.s.b.f.s.DefaultListableBeanFactory - Creating shared instance of singleton bean 'propertySourcesPlaceholderConfigurer'
2025-12-26 23:11:28 DEBUG o.s.b.f.s.DefaultListableBeanFactory - Creating shared instance of singleton bean 'propertySourcesPlaceholderConfigurer'
2025-12-26 23:11:28 DEBUG o.s.b.f.s.DefaultListableBeanFactory - Creating shared instance of singleton bean 'org.springframework.boot.devtools.autoconfigure.DevToolsDataSourceAutoConfiguration$DatabaseShutdownExecutorEntityManagerFactoryDependsOnPostProcessor'
2025-12-26 23:11:28 DEBUG o.s.b.f.s.DefaultListableBeanFactory - Creating shared instance of singleton bean 'org.springframework.boot.sql.init.dependency.DatabaseInitializationDependencyConfigurer$DependsOnDatabaseInitializationPostProcessor'
2025-12-26 23:11:28 DEBUG o.s.b.f.s.DefaultListableBeanFactory - Creating shared instance of singleton bean 'org.springframework.boot.sql.init.dependency.DatabaseInitializationDependencyConfigurer$DependsOnDatabaseInitializationPostProcessor'
2025-12-26 23:11:28 DEBUG o.s.b.f.s.DefaultListableBeanFactory - Creating shared instance of singleton bean 'org.springframework.context.event.internalEventListenerProcessor'
2025-12-26 23:11:28 DEBUG o.s.b.f.s.DefaultListableBeanFactory - Creating shared instance of singleton bean 'org.springframework.data.jpa.domain.support.AuditingBeanFactoryPostProcessor'
2025-12-26 23:11:28 DEBUG o.s.b.f.s.DefaultListableBeanFactory - Creating shared instance of singleton bean 'bootstrapExecutorAliasPostProcessor'
2025-12-26 23:11:28 DEBUG o.s.b.f.s.DefaultListableBeanFactory - Creating shared instance of singleton bean 'preserveErrorControllerTargetClassPostProcessor'
2025-12-26 23:11:28 DEBUG o.s.b.f.s.DefaultListableBeanFactory - Creating shared instance of singleton bean 'org.springframework.context.event.internalEventListenerFactory'
2025-12-26 23:11:28 DEBUG o.s.b.f.s.DefaultListableBeanFactory - Creating shared instance of singleton bean 'org.springframework.transaction.config.internalTransactionalEventListenerFactory'
2025-12-26 23:11:28 DEBUG o.s.b.f.s.DefaultListableBeanFactory - Creating shared instance of singleton bean 'org.springframework.context.annotation.internalAutowiredAnnotationProcessor'
2025-12-26 23:11:28 DEBUG o.s.b.f.s.DefaultListableBeanFactory - Creating shared instance of singleton bean 'org.springframework.context.annotation.internalCommonAnnotationProcessor'
2025-12-26 23:11:28 DEBUG o.s.b.f.s.DefaultListableBeanFactory - Creating shared instance of singleton bean 'org.springframework.context.annotation.internalPersistenceAnnotationProcessor'
2025-12-26 23:11:28 DEBUG o.s.b.f.s.DefaultListableBeanFactory - Creating shared instance of singleton bean 'org.springframework.boot.context.properties.ConfigurationPropertiesBindingPostProcessor'
2025-12-26 23:11:28 DEBUG o.s.b.f.s.DefaultListableBeanFactory - Creating shared instance of singleton bean 'org.springframework.boot.context.internalConfigurationPropertiesBinder'
2025-12-26 23:11:28 DEBUG o.s.b.f.s.DefaultListableBeanFactory - Creating shared instance of singleton bean 'jdbcConnectionDetailsHikariBeanPostProcessor'
2025-12-26 23:11:28 DEBUG o.s.b.f.s.DefaultListableBeanFactory - Creating shared instance of singleton bean 'org.springframework.aop.config.internalAutoProxyCreator'
2025-12-26 23:11:28 DEBUG o.s.b.f.s.DefaultListableBeanFactory - Creating shared instance of singleton bean 'org.springframework.aop.framework.autoproxy.defaultProxyConfig'
2025-12-26 23:11:28 DEBUG o.s.b.f.s.DefaultListableBeanFactory - Creating shared instance of singleton bean 'persistenceExceptionTranslationPostProcessor'
2025-12-26 23:11:28 DEBUG o.s.b.f.s.DefaultListableBeanFactory - Autowiring by type from bean name 'persistenceExceptionTranslationPostProcessor' via factory method to bean named 'environment'
2025-12-26 23:11:28 DEBUG o.s.b.f.s.DefaultListableBeanFactory - Creating shared instance of singleton bean 'projectingArgumentResolverBeanPostProcessor'
2025-12-26 23:11:28 DEBUG o.s.b.f.s.DefaultListableBeanFactory - Creating shared instance of singleton bean 'org.springframework.transaction.config.internalTransactionAdvisor'
2025-12-26 23:11:28 DEBUG o.s.b.f.s.DefaultListableBeanFactory - Creating shared instance of singleton bean 'org.springframework.transaction.annotation.ProxyTransactionManagementConfiguration'
2025-12-26 23:11:28 DEBUG o.s.a.a.a.ReflectiveAspectJAdvisorFactory - Found AspectJ method: public void org.springframework.beans.factory.aspectj.AbstractDependencyInjectionAspect.ajc$before$org_springframework_beans_factory_aspectj_AbstractDependencyInjectionAspect$1$e854fa65(java.lang.Object)
2025-12-26 23:11:28 DEBUG o.s.a.a.a.ReflectiveAspectJAdvisorFactory - Found AspectJ method: public void org.springframework.beans.factory.aspectj.AbstractDependencyInjectionAspect.ajc$afterReturning$org_springframework_beans_factory_aspectj_AbstractDependencyInjectionAspect$2$1ea6722c(java.lang.Object)
2025-12-26 23:11:28 DEBUG o.s.a.a.a.ReflectiveAspectJAdvisorFactory - Found AspectJ method: public void org.springframework.beans.factory.aspectj.AbstractDependencyInjectionAspect.ajc$afterReturning$org_springframework_beans_factory_aspectj_AbstractDependencyInjectionAspect$3$6aa27052(java.lang.Object)
2025-12-26 23:11:28 DEBUG o.s.a.a.AspectJExpressionPointcut - Pointcut parser rejected expression [(beanConstruction(bean) && (preConstructionCondition() && inConfigurableBean()))]: java.lang.IllegalArgumentException: error Type referred to is not an annotation type: Configurable
2025-12-26 23:11:28 DEBUG o.s.a.a.AspectJExpressionPointcut - Pointcut parser rejected expression [(beanConstruction(bean) && (postConstructionCondition() && inConfigurableBean()))]: java.lang.IllegalArgumentException: error Type referred to is not an annotation type: Configurable
2025-12-26 23:11:28 DEBUG o.s.a.a.AspectJExpressionPointcut - Pointcut parser rejected expression [(beanDeserialization(bean) && inConfigurableBean())]: java.lang.IllegalArgumentException: error Type referred to is not an annotation type: Configurable
2025-12-26 23:11:28 DEBUG o.s.b.f.s.DefaultListableBeanFactory - Creating shared instance of singleton bean 'transactionAttributeSource'
2025-12-26 23:11:28 DEBUG o.s.b.f.s.DefaultListableBeanFactory - Creating shared instance of singleton bean 'transactionInterceptor'
2025-12-26 23:11:28 DEBUG o.s.b.f.s.DefaultListableBeanFactory - Autowiring by type from bean name 'transactionInterceptor' via factory method to bean named 'transactionAttributeSource'
2025-12-26 23:11:28 DEBUG o.s.b.f.s.DefaultListableBeanFactory - Autowiring by type from bean name 'org.springframework.transaction.config.internalTransactionAdvisor' via factory method to bean named 'transactionAttributeSource'
2025-12-26 23:11:28 DEBUG o.s.b.f.s.DefaultListableBeanFactory - Autowiring by type from bean name 'org.springframework.transaction.config.internalTransactionAdvisor' via factory method to bean named 'transactionInterceptor'
2025-12-26 23:11:28 DEBUG o.s.b.f.s.DefaultListableBeanFactory - Creating shared instance of singleton bean 'org.springframework.context.event.internalEventListenerProcessor'
2025-12-26 23:11:28 DEBUG o.s.b.f.s.DefaultListableBeanFactory - Creating shared instance of singleton bean 'webServerFactoryCustomizerBeanPostProcessor'
2025-12-26 23:11:28 DEBUG o.s.b.f.s.DefaultListableBeanFactory - Creating shared instance of singleton bean 'errorPageRegistrarBeanPostProcessor'
2025-12-26 23:11:28 DEBUG o.s.b.f.s.DefaultListableBeanFactory - Creating shared instance of singleton bean 'tomcatServletWebServerFactory'
2025-12-26 23:11:28 DEBUG o.s.b.f.s.DefaultListableBeanFactory - Creating shared instance of singleton bean 'org.springframework.boot.tomcat.autoconfigure.servlet.TomcatServletWebServerAutoConfiguration'
2025-12-26 23:11:28 DEBUG o.s.b.f.s.DefaultListableBeanFactory - Creating shared instance of singleton bean 'server.tomcat-org.springframework.boot.tomcat.autoconfigure.TomcatServerProperties'
2025-12-26 23:11:28 DEBUG o.s.b.f.s.DefaultListableBeanFactory - Creating shared instance of singleton bean 'org.springframework.data.jpa.domain.support.AuditingBeanFactoryPostProcessor'
2025-12-26 23:11:28 DEBUG o.s.b.f.s.DefaultListableBeanFactory - Creating shared instance of singleton bean 'org.springframework.boot.context.properties.BoundConfigurationProperties'
2025-12-26 23:11:28 DEBUG o.s.b.f.s.DefaultListableBeanFactory - Creating shared instance of singleton bean 'bootstrapExecutorAliasPostProcessor'
2025-12-26 23:11:28 DEBUG o.s.b.f.s.DefaultListableBeanFactory - Creating shared instance of singleton bean 'preserveErrorControllerTargetClassPostProcessor'
2025-12-26 23:11:28 DEBUG o.s.b.f.s.DefaultListableBeanFactory - Autowiring by type from bean name 'org.springframework.boot.tomcat.autoconfigure.servlet.TomcatServletWebServerAutoConfiguration' via constructor to bean named 'server.tomcat-org.springframework.boot.tomcat.autoconfigure.TomcatServerProperties'
2025-12-26 23:11:28 DEBUG o.s.b.f.s.DefaultListableBeanFactory - Creating shared instance of singleton bean 'servletWebServerFactoryCustomizer'
2025-12-26 23:11:28 DEBUG o.s.b.f.s.DefaultListableBeanFactory - Creating shared instance of singleton bean 'org.springframework.boot.web.server.autoconfigure.servlet.ServletWebServerConfiguration'
2025-12-26 23:11:28 DEBUG o.s.b.f.s.DefaultListableBeanFactory - Creating shared instance of singleton bean 'server-org.springframework.boot.web.server.autoconfigure.ServerProperties'
2025-12-26 23:11:28 DEBUG o.s.b.f.s.DefaultListableBeanFactory - Creating shared instance of singleton bean 'org.springframework.context.event.internalEventListenerFactory'
2025-12-26 23:11:28 DEBUG o.s.b.f.s.DefaultListableBeanFactory - Creating shared instance of singleton bean 'org.springframework.transaction.config.internalTransactionalEventListenerFactory'
2025-12-26 23:11:28 DEBUG o.s.b.f.s.DefaultListableBeanFactory - Autowiring by type from bean name 'servletWebServerFactoryCustomizer' via factory method to bean named 'server-org.springframework.boot.web.server.autoconfigure.ServerProperties'
2025-12-26 23:11:28 DEBUG o.s.b.f.s.DefaultListableBeanFactory - Creating shared instance of singleton bean 'sslBundleRegistry'
2025-12-26 23:11:28 DEBUG o.s.b.f.s.DefaultListableBeanFactory - Creating shared instance of singleton bean 'org.springframework.boot.autoconfigure.ssl.SslAutoConfiguration'
2025-12-26 23:11:28 DEBUG o.s.b.f.s.DefaultListableBeanFactory - Creating shared instance of singleton bean 'spring.ssl-org.springframework.boot.autoconfigure.ssl.SslProperties'
2025-12-26 23:11:28 DEBUG o.s.b.f.s.DefaultListableBeanFactory - Autowiring by type from bean name 'org.springframework.boot.autoconfigure.ssl.SslAutoConfiguration' via constructor to bean named 'org.springframework.boot.web.server.servlet.context.AnnotationConfigServletWebServerApplicationContext@157557ec'
2025-12-26 23:11:28 DEBUG o.s.b.f.s.DefaultListableBeanFactory - Autowiring by type from bean name 'org.springframework.boot.autoconfigure.ssl.SslAutoConfiguration' via constructor to bean named 'spring.ssl-org.springframework.boot.autoconfigure.ssl.SslProperties'
2025-12-26 23:11:28 DEBUG o.s.b.f.s.DefaultListableBeanFactory - Creating shared instance of singleton bean 'sslPropertiesSslBundleRegistrar'
2025-12-26 23:11:28 DEBUG o.s.b.f.s.DefaultListableBeanFactory - Creating shared instance of singleton bean 'fileWatcher'
2025-12-26 23:11:28 DEBUG o.s.b.f.s.DefaultListableBeanFactory - Autowiring by type from bean name 'sslPropertiesSslBundleRegistrar' via factory method to bean named 'fileWatcher'
2025-12-26 23:11:28 DEBUG o.s.b.f.s.DefaultListableBeanFactory - Creating shared instance of singleton bean 'webSocketWebServerCustomizer'
2025-12-26 23:11:28 DEBUG o.s.b.f.s.DefaultListableBeanFactory - Creating shared instance of singleton bean 'org.springframework.boot.tomcat.autoconfigure.TomcatWebServerConfiguration$TomcatWebSocketConfiguration'
2025-12-26 23:11:28 DEBUG o.s.b.f.s.DefaultListableBeanFactory - Creating shared instance of singleton bean 'tomcatWebServerFactoryCustomizer'
2025-12-26 23:11:28 DEBUG o.s.b.f.s.DefaultListableBeanFactory - Creating shared instance of singleton bean 'org.springframework.boot.tomcat.autoconfigure.TomcatWebServerConfiguration'
2025-12-26 23:11:28 DEBUG o.s.b.f.s.DefaultListableBeanFactory - Creating shared instance of singleton bean 'spring.web-org.springframework.boot.autoconfigure.web.WebProperties'
2025-12-26 23:11:28 DEBUG o.s.b.f.s.DefaultListableBeanFactory - Creating shared instance of singleton bean 'org.springframework.context.annotation.internalAutowiredAnnotationProcessor'
2025-12-26 23:11:28 DEBUG o.s.b.f.s.DefaultListableBeanFactory - Autowiring by type from bean name 'tomcatWebServerFactoryCustomizer' via factory method to bean named 'environment'
2025-12-26 23:11:28 DEBUG o.s.b.f.s.DefaultListableBeanFactory - Autowiring by type from bean name 'tomcatWebServerFactoryCustomizer' via factory method to bean named 'server-org.springframework.boot.web.server.autoconfigure.ServerProperties'
2025-12-26 23:11:28 DEBUG o.s.b.f.s.DefaultListableBeanFactory - Autowiring by type from bean name 'tomcatWebServerFactoryCustomizer' via factory method to bean named 'server.tomcat-org.springframework.boot.tomcat.autoconfigure.TomcatServerProperties'
2025-12-26 23:11:28 DEBUG o.s.b.f.s.DefaultListableBeanFactory - Autowiring by type from bean name 'tomcatWebServerFactoryCustomizer' via factory method to bean named 'spring.web-org.springframework.boot.autoconfigure.web.WebProperties'
2025-12-26 23:11:28 DEBUG o.s.b.f.s.DefaultListableBeanFactory - Creating shared instance of singleton bean 'org.springframework.context.annotation.internalCommonAnnotationProcessor'
2025-12-26 23:11:28 DEBUG o.s.b.f.s.DefaultListableBeanFactory - Creating shared instance of singleton bean 'tomcatServletWebServerFactoryCustomizer'
2025-12-26 23:11:28 DEBUG o.s.b.f.s.DefaultListableBeanFactory - Autowiring by type from bean name 'tomcatServletWebServerFactoryCustomizer' via factory method to bean named 'server.tomcat-org.springframework.boot.tomcat.autoconfigure.TomcatServerProperties'
2025-12-26 23:11:28 DEBUG o.s.b.f.s.DefaultListableBeanFactory - Creating shared instance of singleton bean 'errorPageCustomizer'
2025-12-26 23:11:28 DEBUG o.s.b.f.s.DefaultListableBeanFactory - Creating shared instance of singleton bean 'org.springframework.boot.webmvc.autoconfigure.error.ErrorMvcAutoConfiguration'
2025-12-26 23:11:28 DEBUG o.s.b.f.s.DefaultListableBeanFactory - Autowiring by type from bean name 'org.springframework.boot.webmvc.autoconfigure.error.ErrorMvcAutoConfiguration' via constructor to bean named 'spring.web-org.springframework.boot.autoconfigure.web.WebProperties'
2025-12-26 23:11:28 DEBUG o.s.b.f.s.DefaultListableBeanFactory - Creating shared instance of singleton bean 'dispatcherServletRegistration'
2025-12-26 23:11:28 DEBUG o.s.b.f.s.DefaultListableBeanFactory - Creating shared instance of singleton bean 'org.springframework.boot.webmvc.autoconfigure.DispatcherServletAutoConfiguration$DispatcherServletRegistrationConfiguration'
2025-12-26 23:11:28 DEBUG o.s.b.f.s.DefaultListableBeanFactory - Creating shared instance of singleton bean 'dispatcherServlet'
2025-12-26 23:11:28 DEBUG o.s.b.f.s.DefaultListableBeanFactory - Creating shared instance of singleton bean 'org.springframework.boot.webmvc.autoconfigure.DispatcherServletAutoConfiguration$DispatcherServletConfiguration'
2025-12-26 23:11:28 DEBUG o.s.b.f.s.DefaultListableBeanFactory - Creating shared instance of singleton bean 'spring.mvc-org.springframework.boot.webmvc.autoconfigure.WebMvcProperties'
2025-12-26 23:11:28 DEBUG o.s.b.f.s.DefaultListableBeanFactory - Autowiring by type from bean name 'dispatcherServlet' via factory method to bean named 'spring.mvc-org.springframework.boot.webmvc.autoconfigure.WebMvcProperties'
2025-12-26 23:11:28 DEBUG o.s.b.f.s.DefaultListableBeanFactory - Autowiring by type from bean name 'dispatcherServletRegistration' via factory method to bean named 'dispatcherServlet'
2025-12-26 23:11:28 DEBUG o.s.b.f.s.DefaultListableBeanFactory - Autowiring by type from bean name 'dispatcherServletRegistration' via factory method to bean named 'spring.mvc-org.springframework.boot.webmvc.autoconfigure.WebMvcProperties'
2025-12-26 23:11:28 DEBUG o.s.b.f.s.DefaultListableBeanFactory - Creating shared instance of singleton bean 'multipartConfigElement'
2025-12-26 23:11:28 DEBUG o.s.b.f.s.DefaultListableBeanFactory - Creating shared instance of singleton bean 'org.springframework.boot.servlet.autoconfigure.MultipartAutoConfiguration'
2025-12-26 23:11:28 DEBUG o.s.b.f.s.DefaultListableBeanFactory - Creating shared instance of singleton bean 'spring.servlet.multipart-org.springframework.boot.servlet.autoconfigure.MultipartProperties'
2025-12-26 23:11:28 DEBUG o.s.b.f.s.DefaultListableBeanFactory - Autowiring by type from bean name 'org.springframework.boot.servlet.autoconfigure.MultipartAutoConfiguration' via constructor to bean named 'spring.servlet.multipart-org.springframework.boot.servlet.autoconfigure.MultipartProperties'
2025-12-26 23:11:28 DEBUG o.s.b.f.s.DefaultListableBeanFactory - Autowiring by type from bean name 'errorPageCustomizer' via factory method to bean named 'dispatcherServletRegistration'
2025-12-26 23:11:28 DEBUG o.s.b.t.s.TomcatServletWebServerFactory - Code archive: /Users/parthiv/.m2/repository/org/springframework/boot/spring-boot-web-server/4.0.1/spring-boot-web-server-4.0.1.jar
2025-12-26 23:11:28 DEBUG o.s.b.t.s.TomcatServletWebServerFactory - Code archive: /Users/parthiv/.m2/repository/org/springframework/boot/spring-boot-web-server/4.0.1/spring-boot-web-server-4.0.1.jar
2025-12-26 23:11:28 DEBUG o.s.b.t.s.TomcatServletWebServerFactory - None of the document roots [src/main/webapp, public, static] point to a directory and will be ignored.
2025-12-26 23:11:28 DEBUG o.s.b.f.s.DefaultListableBeanFactory - Creating shared instance of singleton bean 'org.springframework.context.annotation.internalPersistenceAnnotationProcessor'
2025-12-26 23:11:28 DEBUG o.s.b.f.s.DefaultListableBeanFactory - Creating shared instance of singleton bean 'org.springframework.boot.context.properties.ConfigurationPropertiesBindingPostProcessor'
2025-12-26 23:11:28 DEBUG o.s.b.f.s.DefaultListableBeanFactory - Creating shared instance of singleton bean 'org.springframework.boot.context.internalConfigurationPropertiesBinder'
2025-12-26 23:11:28 DEBUG o.s.b.f.s.DefaultListableBeanFactory - Creating shared instance of singleton bean 'jdbcConnectionDetailsHikariBeanPostProcessor'
2025-12-26 23:11:28 DEBUG o.s.b.f.s.DefaultListableBeanFactory - Creating shared instance of singleton bean 'org.springframework.aop.config.internalAutoProxyCreator'
2025-12-26 23:11:28 INFO  o.s.b.t.TomcatWebServer - Tomcat initialized with port 9000 (http)
2025-12-26 23:11:28 INFO  o.a.c.c.StandardService - Starting service [Tomcat]
2025-12-26 23:11:28 INFO  o.a.c.c.StandardEngine - Starting Servlet engine: [Apache Tomcat/11.0.15]
2025-12-26 23:11:28 DEBUG o.s.b.f.s.DefaultListableBeanFactory - Creating shared instance of singleton bean 'org.springframework.aop.framework.autoproxy.defaultProxyConfig'
2025-12-26 23:11:28 DEBUG o.s.b.w.c.s.WebApplicationContextInitializer - Published root WebApplicationContext as ServletContext attribute with name [org.springframework.web.context.WebApplicationContext.ROOT]
2025-12-26 23:11:28 INFO  o.s.b.w.c.s.WebApplicationContextInitializer - Root WebApplicationContext: initialization completed in 74 ms
2025-12-26 23:11:28 DEBUG o.s.b.f.s.DefaultListableBeanFactory - Creating shared instance of singleton bean 'requestContextFilter'
2025-12-26 23:11:28 DEBUG o.s.b.f.s.DefaultListableBeanFactory - Creating shared instance of singleton bean 'persistenceExceptionTranslationPostProcessor'
2025-12-26 23:11:28 DEBUG o.s.b.f.s.DefaultListableBeanFactory - Creating shared instance of singleton bean 'formContentFilter'
2025-12-26 23:11:28 DEBUG o.s.b.f.s.DefaultListableBeanFactory - Creating shared instance of singleton bean 'org.springframework.boot.webmvc.autoconfigure.WebMvcAutoConfiguration'
2025-12-26 23:11:28 DEBUG o.s.b.f.s.DefaultListableBeanFactory - Autowiring by type from bean name 'persistenceExceptionTranslationPostProcessor' via factory method to bean named 'environment'
2025-12-26 23:11:28 DEBUG o.s.b.f.s.DefaultListableBeanFactory - Creating shared instance of singleton bean 'characterEncodingFilter'
2025-12-26 23:11:28 DEBUG o.s.b.f.s.DefaultListableBeanFactory - Creating shared instance of singleton bean 'org.springframework.boot.servlet.autoconfigure.HttpEncodingAutoConfiguration'
2025-12-26 23:11:28 DEBUG o.s.b.f.s.DefaultListableBeanFactory - Creating shared instance of singleton bean 'spring.servlet.encoding-org.springframework.boot.servlet.autoconfigure.ServletEncodingProperties'
2025-12-26 23:11:28 DEBUG o.s.b.f.s.DefaultListableBeanFactory - Creating shared instance of singleton bean 'projectingArgumentResolverBeanPostProcessor'
2025-12-26 23:11:28 DEBUG o.s.b.f.s.DefaultListableBeanFactory - Autowiring by type from bean name 'characterEncodingFilter' via factory method to bean named 'spring.servlet.encoding-org.springframework.boot.servlet.autoconfigure.ServletEncodingProperties'
2025-12-26 23:11:28 DEBUG o.s.b.f.s.DefaultListableBeanFactory - Creating shared instance of singleton bean 'org.springframework.transaction.config.internalTransactionAdvisor'
2025-12-26 23:11:28 DEBUG o.s.b.f.s.DefaultListableBeanFactory - Creating shared instance of singleton bean 'org.springframework.transaction.annotation.ProxyTransactionManagementConfiguration'
2025-12-26 23:11:28 DEBUG o.s.b.w.s.ServletContextInitializerBeans - Mapping filters: characterEncodingFilter urls=[/*] order=-2147483648, formContentFilter urls=[/*] order=-9900, requestContextFilter urls=[/*] order=-105
2025-12-26 23:11:28 DEBUG o.s.b.w.s.ServletContextInitializerBeans - Mapping servlets: dispatcherServlet urls=[/]
2025-12-26 23:11:28 DEBUG o.s.b.s.f.OrderedRequestContextFilter - Filter 'requestContextFilter' configured for use
2025-12-26 23:11:28 DEBUG o.s.b.s.f.OrderedCharacterEncodingFilter - Filter 'characterEncodingFilter' configured for use
2025-12-26 23:11:28 DEBUG o.s.b.s.f.OrderedFormContentFilter - Filter 'formContentFilter' configured for use
2025-12-26 23:11:28 DEBUG o.s.b.f.s.DefaultListableBeanFactory - Creating shared instance of singleton bean 'applicationTaskExecutor'
2025-12-26 23:11:28 DEBUG o.s.b.f.s.DefaultListableBeanFactory - Creating shared instance of singleton bean 'org.springframework.boot.autoconfigure.task.TaskExecutorConfigurations$TaskExecutorConfiguration'
2025-12-26 23:11:28 DEBUG o.s.b.f.s.DefaultListableBeanFactory - Creating shared instance of singleton bean 'threadPoolTaskExecutorBuilder'
2025-12-26 23:11:28 DEBUG o.s.b.f.s.DefaultListableBeanFactory - Creating shared instance of singleton bean 'org.springframework.boot.autoconfigure.task.TaskExecutorConfigurations$ThreadPoolTaskExecutorBuilderConfiguration'
2025-12-26 23:11:28 DEBUG o.s.b.f.s.DefaultListableBeanFactory - Creating shared instance of singleton bean 'spring.task.execution-org.springframework.boot.autoconfigure.task.TaskExecutionProperties'
2025-12-26 23:11:28 DEBUG o.s.b.f.s.DefaultListableBeanFactory - Autowiring by type from bean name 'threadPoolTaskExecutorBuilder' via factory method to bean named 'spring.task.execution-org.springframework.boot.autoconfigure.task.TaskExecutionProperties'
2025-12-26 23:11:28 DEBUG o.s.b.f.s.DefaultListableBeanFactory - Autowiring by type from bean name 'applicationTaskExecutor' via factory method to bean named 'threadPoolTaskExecutorBuilder'
2025-12-26 23:11:28 DEBUG o.s.s.c.ThreadPoolTaskExecutor - Initializing ExecutorService 'applicationTaskExecutor'
2025-12-26 23:11:28 DEBUG o.s.b.f.s.DefaultListableBeanFactory - Creating shared instance of singleton bean 'inMemoryDatabaseShutdownExecutor'
2025-12-26 23:11:28 DEBUG o.s.b.f.s.DefaultListableBeanFactory - Creating shared instance of singleton bean 'org.springframework.boot.devtools.autoconfigure.DevToolsDataSourceAutoConfiguration'
2025-12-26 23:11:28 DEBUG o.s.b.f.s.DefaultListableBeanFactory - Creating shared instance of singleton bean 'dataSource'
2025-12-26 23:11:28 DEBUG o.s.b.f.s.DefaultListableBeanFactory - Creating shared instance of singleton bean 'org.springframework.boot.jdbc.autoconfigure.DataSourceConfiguration$Hikari'
2025-12-26 23:11:28 DEBUG o.s.b.f.s.DefaultListableBeanFactory - Creating shared instance of singleton bean 'spring.datasource-org.springframework.boot.jdbc.autoconfigure.DataSourceProperties'
2025-12-26 23:11:28 DEBUG o.s.b.f.s.DefaultListableBeanFactory - Creating shared instance of singleton bean 'jdbcConnectionDetails'
2025-12-26 23:11:28 DEBUG o.s.b.f.s.DefaultListableBeanFactory - Creating shared instance of singleton bean 'org.springframework.boot.jdbc.autoconfigure.DataSourceAutoConfiguration$PooledDataSourceConfiguration'
2025-12-26 23:11:28 DEBUG o.s.b.f.s.DefaultListableBeanFactory - Autowiring by type from bean name 'jdbcConnectionDetails' via factory method to bean named 'spring.datasource-org.springframework.boot.jdbc.autoconfigure.DataSourceProperties'
2025-12-26 23:11:28 DEBUG o.s.b.f.s.DefaultListableBeanFactory - Autowiring by type from bean name 'dataSource' via factory method to bean named 'spring.datasource-org.springframework.boot.jdbc.autoconfigure.DataSourceProperties'
2025-12-26 23:11:28 DEBUG o.s.b.f.s.DefaultListableBeanFactory - Autowiring by type from bean name 'dataSource' via factory method to bean named 'jdbcConnectionDetails'
2025-12-26 23:11:28 DEBUG o.s.b.f.s.DefaultListableBeanFactory - Autowiring by type from bean name 'dataSource' via factory method to bean named 'environment'
2025-12-26 23:11:28 DEBUG c.z.h.u.UtilityElf - Class com.mysql.cj.jdbc.Driver found in Thread context class loader org.springframework.boot.devtools.restart.classloader.RestartClassLoader@12c49afd
2025-12-26 23:11:28 DEBUG o.s.b.f.s.DefaultListableBeanFactory - Autowiring by type from bean name 'inMemoryDatabaseShutdownExecutor' via factory method to bean named 'dataSource'
2025-12-26 23:11:28 DEBUG o.s.b.f.s.DefaultListableBeanFactory - Autowiring by type from bean name 'inMemoryDatabaseShutdownExecutor' via factory method to bean named 'spring.datasource-org.springframework.boot.jdbc.autoconfigure.DataSourceProperties'
2025-12-26 23:11:28 DEBUG o.s.b.f.s.DefaultListableBeanFactory - Creating shared instance of singleton bean 'dataSourceScriptDatabaseInitializer'
2025-12-26 23:11:28 DEBUG o.s.b.f.s.DefaultListableBeanFactory - Creating shared instance of singleton bean 'org.springframework.boot.jdbc.autoconfigure.DataSourceInitializationAutoConfiguration'
2025-12-26 23:11:28 DEBUG o.s.b.f.s.DefaultListableBeanFactory - Creating shared instance of singleton bean 'spring.sql.init-org.springframework.boot.sql.autoconfigure.init.SqlInitializationProperties'
2025-12-26 23:11:28 DEBUG o.s.b.f.s.DefaultListableBeanFactory - Autowiring by type from bean name 'dataSourceScriptDatabaseInitializer' via factory method to bean named 'dataSource'
2025-12-26 23:11:28 DEBUG o.s.b.f.s.DefaultListableBeanFactory - Autowiring by type from bean name 'dataSourceScriptDatabaseInitializer' via factory method to bean named 'spring.sql.init-org.springframework.boot.sql.autoconfigure.init.SqlInitializationProperties'
2025-12-26 23:11:28 DEBUG o.s.b.f.s.DefaultListableBeanFactory - Creating shared instance of singleton bean 'org.springframework.context.config.internalBeanConfigurerAspect'
2025-12-26 23:11:28 DEBUG o.s.b.f.s.DefaultListableBeanFactory - Creating shared instance of singleton bean 'entityManagerFactory'
2025-12-26 23:11:28 DEBUG o.s.b.f.s.DefaultListableBeanFactory - Creating shared instance of singleton bean 'org.springframework.boot.hibernate.autoconfigure.HibernateJpaConfiguration'
2025-12-26 23:11:28 DEBUG o.s.b.f.s.DefaultListableBeanFactory - Creating shared instance of singleton bean 'spring.jpa-org.springframework.boot.jpa.autoconfigure.JpaProperties'
2025-12-26 23:11:28 DEBUG o.s.b.f.s.DefaultListableBeanFactory - Creating shared instance of singleton bean 'spring.jpa.hibernate-org.springframework.boot.hibernate.autoconfigure.HibernateProperties'
2025-12-26 23:11:28 DEBUG o.s.b.f.s.DefaultListableBeanFactory - Autowiring by type from bean name 'org.springframework.boot.hibernate.autoconfigure.HibernateJpaConfiguration' via constructor to bean named 'dataSource'
2025-12-26 23:11:28 DEBUG o.s.b.f.s.DefaultListableBeanFactory - Autowiring by type from bean name 'org.springframework.boot.hibernate.autoconfigure.HibernateJpaConfiguration' via constructor to bean named 'spring.jpa-org.springframework.boot.jpa.autoconfigure.JpaProperties'
2025-12-26 23:11:28 DEBUG o.s.b.f.s.DefaultListableBeanFactory - Autowiring by type from bean name 'org.springframework.boot.hibernate.autoconfigure.HibernateJpaConfiguration' via constructor to bean named 'org.springframework.beans.factory.support.DefaultListableBeanFactory@41a718e5'
2025-12-26 23:11:28 DEBUG o.s.b.f.s.DefaultListableBeanFactory - Autowiring by type from bean name 'org.springframework.boot.hibernate.autoconfigure.HibernateJpaConfiguration' via constructor to bean named 'spring.jpa.hibernate-org.springframework.boot.hibernate.autoconfigure.HibernateProperties'
2025-12-26 23:11:28 DEBUG o.s.b.f.s.DefaultListableBeanFactory - Creating shared instance of singleton bean 'hikariPoolDataSourceMetadataProvider'
2025-12-26 23:11:28 DEBUG o.s.b.f.s.DefaultListableBeanFactory - Creating shared instance of singleton bean 'org.springframework.boot.jdbc.autoconfigure.DataSourcePoolMetadataProvidersConfiguration$HikariPoolDataSourceMetadataProviderConfiguration'
2025-12-26 23:11:28 DEBUG o.s.b.f.s.DefaultListableBeanFactory - Creating shared instance of singleton bean 'entityManagerFactoryBuilder'
2025-12-26 23:11:28 DEBUG o.s.b.f.s.DefaultListableBeanFactory - Creating shared instance of singleton bean 'jpaVendorAdapter'
2025-12-26 23:11:28 DEBUG o.s.b.f.s.DefaultListableBeanFactory - Autowiring by type from bean name 'entityManagerFactoryBuilder' via factory method to bean named 'jpaVendorAdapter'
2025-12-26 23:11:28 DEBUG o.s.b.f.s.DefaultListableBeanFactory - Creating shared instance of singleton bean 'persistenceManagedTypes'
2025-12-26 23:11:28 DEBUG o.s.b.f.s.DefaultListableBeanFactory - Autowiring by type from bean name 'persistenceManagedTypes' via factory method to bean named 'org.springframework.beans.factory.support.DefaultListableBeanFactory@41a718e5'
2025-12-26 23:11:28 DEBUG o.s.b.f.s.DefaultListableBeanFactory - Autowiring by type from bean name 'persistenceManagedTypes' via factory method to bean named 'org.springframework.boot.web.server.servlet.context.AnnotationConfigServletWebServerApplicationContext@157557ec'
2025-12-26 23:11:28 DEBUG o.s.a.a.a.ReflectiveAspectJAdvisorFactory - Found AspectJ method: public void org.springframework.beans.factory.aspectj.AbstractDependencyInjectionAspect.ajc$before$org_springframework_beans_factory_aspectj_AbstractDependencyInjectionAspect$1$e854fa65(java.lang.Object)
2025-12-26 23:11:28 DEBUG o.s.b.f.s.DefaultListableBeanFactory - Autowiring by type from bean name 'entityManagerFactory' via factory method to bean named 'entityManagerFactoryBuilder'
2025-12-26 23:11:28 DEBUG o.s.b.f.s.DefaultListableBeanFactory - Autowiring by type from bean name 'entityManagerFactory' via factory method to bean named 'persistenceManagedTypes'
2025-12-26 23:11:28 DEBUG o.s.o.j.LocalContainerEntityManagerFactoryBean - Building JPA container EntityManagerFactory for persistence unit 'default'
2025-12-26 23:11:28 DEBUG o.s.a.a.a.ReflectiveAspectJAdvisorFactory - Found AspectJ method: public void org.springframework.beans.factory.aspectj.AbstractDependencyInjectionAspect.ajc$afterReturning$org_springframework_beans_factory_aspectj_AbstractDependencyInjectionAspect$2$1ea6722c(java.lang.Object)
2025-12-26 23:11:28 DEBUG o.s.a.a.a.ReflectiveAspectJAdvisorFactory - Found AspectJ method: public void org.springframework.beans.factory.aspectj.AbstractDependencyInjectionAspect.ajc$afterReturning$org_springframework_beans_factory_aspectj_AbstractDependencyInjectionAspect$3$6aa27052(java.lang.Object)
2025-12-26 23:11:28 DEBUG o.h.o.jpa - HHH008541: PersistenceUnitInfo [
	name: default
	persistence provider classname: null
	classloader: org.springframework.boot.devtools.restart.classloader.RestartClassLoader@12c49afd
	excludeUnlistedClasses: true
	JTA datasource: null
	Non JTA datasource: HikariDataSource (null)
	Transaction type: RESOURCE_LOCAL
	PU root URL: file:/Users/parthiv/Downloads/projection-ready-features/target/classes/
	Shared Cache Mode: UNSPECIFIED
	Validation Mode: AUTO
	Jar files URLs []
	Managed classes names [
		com.projects.parthiv.projection_ready_features.entities.AuditableEntity
		com.projects.parthiv.projection_ready_features.entities.PostEntity]
	Mapping files names []
	Properties []
2025-12-26 23:11:28 DEBUG o.h.o.service - HHH010455: Adding integrator: org.hibernate.boot.beanvalidation.BeanValidationIntegrator
2025-12-26 23:11:28 DEBUG o.h.o.service - HHH010455: Adding integrator: org.hibernate.cache.internal.CollectionCacheInvalidator
2025-12-26 23:11:28 DEBUG o.h.o.service - HHH010455: Adding integrator: org.hibernate.envers.boot.internal.EnversIntegrator
2025-12-26 23:11:28 DEBUG o.s.o.j.h.SpringBeanContainer - Falling back to Hibernate's default producer after bean creation failure for interface org.hibernate.engine.jdbc.connections.spi.MultiTenantConnectionProvider: org.springframework.beans.factory.BeanCreationException: Error creating bean with name 'org.hibernate.engine.jdbc.connections.spi.MultiTenantConnectionProvider': Failed to instantiate [org.hibernate.engine.jdbc.connections.spi.MultiTenantConnectionProvider]: Specified class is an interface
2025-12-26 23:11:28 DEBUG o.h.o.cache - HHH90001031: Cannot default RegionFactory since no RegionFactory strategies were registered
2025-12-26 23:11:28 DEBUG o.h.o.cache - HHH90001029: Second-level cache disabled
2025-12-26 23:11:28 INFO  o.h.e.b.i.EnversServiceImpl - Envers integration enabled? : true
2025-12-26 23:11:28 INFO  o.s.o.j.p.SpringPersistenceUnitInfo - No LoadTimeWeaver setup: ignoring JPA class transformer
2025-12-26 23:11:28 DEBUG c.z.h.HikariConfig - HikariPool-7 - configuration:
2025-12-26 23:11:28 DEBUG c.z.h.HikariConfig - allowPoolSuspension.............false
2025-12-26 23:11:28 DEBUG c.z.h.HikariConfig - autoCommit......................true
2025-12-26 23:11:28 DEBUG c.z.h.HikariConfig - catalog.........................none
2025-12-26 23:11:28 DEBUG c.z.h.HikariConfig - connectionInitSql...............none
2025-12-26 23:11:28 DEBUG c.z.h.HikariConfig - connectionTestQuery.............none
2025-12-26 23:11:28 DEBUG c.z.h.HikariConfig - connectionTimeout...............30000
2025-12-26 23:11:28 DEBUG c.z.h.HikariConfig - credentials.....................com.zaxxer.hikari.util.Credentials@4faed647
2025-12-26 23:11:28 DEBUG c.z.h.HikariConfig - credentialsProvider.............none
2025-12-26 23:11:28 DEBUG c.z.h.HikariConfig - credentialsProviderClassName....none
2025-12-26 23:11:28 DEBUG c.z.h.HikariConfig - dataSource......................none
2025-12-26 23:11:28 DEBUG c.z.h.HikariConfig - dataSourceClassName.............none
2025-12-26 23:11:28 DEBUG c.z.h.HikariConfig - dataSourceJNDI..................none
2025-12-26 23:11:28 DEBUG c.z.h.HikariConfig - dataSourceProperties............{password=<masked>}
2025-12-26 23:11:28 DEBUG c.z.h.HikariConfig - driverClassName................."com.mysql.cj.jdbc.Driver"
2025-12-26 23:11:28 DEBUG c.z.h.HikariConfig - exceptionOverride...............none
2025-12-26 23:11:28 DEBUG c.z.h.HikariConfig - exceptionOverrideClassName......none
2025-12-26 23:11:28 DEBUG c.z.h.HikariConfig - healthCheckProperties...........{}
2025-12-26 23:11:28 DEBUG c.z.h.HikariConfig - healthCheckRegistry.............none
2025-12-26 23:11:28 DEBUG c.z.h.HikariConfig - idleTimeout.....................600000
2025-12-26 23:11:28 DEBUG c.z.h.HikariConfig - initializationFailTimeout.......1
2025-12-26 23:11:28 DEBUG c.z.h.HikariConfig - isolateInternalQueries..........false
2025-12-26 23:11:28 DEBUG c.z.h.HikariConfig - jdbcUrl.........................jdbc:mysql://localhost:3306/prod-ready-features?useSSL=false
2025-12-26 23:11:28 DEBUG c.z.h.HikariConfig - keepaliveTime...................120000
2025-12-26 23:11:28 DEBUG c.z.h.HikariConfig - leakDetectionThreshold..........0
2025-12-26 23:11:28 DEBUG c.z.h.HikariConfig - maxLifetime.....................1800000
2025-12-26 23:11:28 DEBUG c.z.h.HikariConfig - maximumPoolSize.................10
2025-12-26 23:11:28 DEBUG c.z.h.HikariConfig - metricRegistry..................none
2025-12-26 23:11:28 DEBUG c.z.h.HikariConfig - metricsTrackerFactory...........none
2025-12-26 23:11:28 DEBUG c.z.h.HikariConfig - minimumIdle.....................10
2025-12-26 23:11:28 DEBUG c.z.h.HikariConfig - password........................<masked>
2025-12-26 23:11:28 DEBUG c.z.h.HikariConfig - poolName........................"HikariPool-7"
2025-12-26 23:11:28 DEBUG c.z.h.HikariConfig - readOnly........................false
2025-12-26 23:11:28 DEBUG c.z.h.HikariConfig - registerMbeans..................false
2025-12-26 23:11:28 DEBUG c.z.h.HikariConfig - scheduledExecutor...............none
2025-12-26 23:11:28 DEBUG c.z.h.HikariConfig - schema..........................none
2025-12-26 23:11:28 DEBUG c.z.h.HikariConfig - threadFactory...................internal
2025-12-26 23:11:28 DEBUG c.z.h.HikariConfig - transactionIsolation............default
2025-12-26 23:11:28 DEBUG c.z.h.HikariConfig - username........................"root"
2025-12-26 23:11:28 DEBUG c.z.h.HikariConfig - validationTimeout...............5000
2025-12-26 23:11:28 INFO  c.z.h.HikariDataSource - HikariPool-7 - Starting...
2025-12-26 23:11:28 DEBUG c.z.h.p.PoolBase - HikariPool-7 - Attempting to create/setup new connection (430f9d07-a74c-41b4-8ed4-3ea5558a7b5a)
2025-12-26 23:11:28 DEBUG c.z.h.p.PoolBase - HikariPool-7 - Established new connection (430f9d07-a74c-41b4-8ed4-3ea5558a7b5a)
2025-12-26 23:11:28 INFO  c.z.h.p.HikariPool - HikariPool-7 - Added connection com.mysql.cj.jdbc.ConnectionImpl@28ab8ff0
2025-12-26 23:11:28 INFO  c.z.h.HikariDataSource - HikariPool-7 - Start completed.
2025-12-26 23:11:28 DEBUG o.h.o.jdbc - HHH100017: Database:
	name: MySQL
	version: 9.5.0
	major: 9
	minor: 5
2025-12-26 23:11:28 DEBUG o.h.o.jdbc - HHH100018: Driver:
	name: MySQL Connector/J
	version: mysql-connector-j-9.5.0 (Revision: a7b3c94f50efbddb9f0dd69b3e0d1aaa25305cd6)
	major: 9
	minor: 5
	JDBC version: 4.2
2025-12-26 23:11:28 DEBUG o.h.o.dialect - HHH035001: Using dialect: org.hibernate.dialect.MySQLDialect, version: 9.5
2025-12-26 23:11:28 DEBUG o.h.e.j.e.s.IdentifierHelperBuilder - IdentifierCaseStrategy for both quoted and unquoted identifiers was set to the same strategy [MIXED]; that will likely lead to problems in schema update and validation if using quoted identifiers
2025-12-26 23:11:28 DEBUG o.h.o.jdbc - HHH100122: Using default JDBC fetch size: 0
2025-12-26 23:11:28 INFO  o.h.o.c.pooling - HHH10001005: Database info:
	Database JDBC URL [jdbc:mysql://localhost:3306/prod-ready-features?useSSL=false]
	Database driver: MySQL Connector/J
	Database dialect: MySQLDialect
	Database version: 9.5
	Default catalog/schema: prod-ready-features/undefined
	Autocommit mode: undefined/unknown
	Isolation level: REPEATABLE_READ [default REPEATABLE_READ]
	JDBC fetch size: none
	Pool: DataSourceConnectionProvider
	Minimum pool size: undefined/unknown
	Maximum pool size: undefined/unknown
2025-12-26 23:11:28 DEBUG o.h.e.c.i.m.AuditMetadataGenerator - Generating first-pass auditing mapping for entity com.projects.parthiv.projection_ready_features.entities.PostEntity
2025-12-26 23:11:28 INFO  o.h.e.c.i.m.AuditMetadataGenerator - Adding properties for entity: com.projects.parthiv.projection_ready_features.entities.PostEntity
2025-12-26 23:11:28 DEBUG o.h.e.c.i.m.AuditMetadataGenerator - Generating second-pass auditing mapping for entity com.projects.parthiv.projection_ready_features.entities.PostEntity
2025-12-26 23:11:28 DEBUG o.s.o.j.h.SpringBeanContainer - Falling back to Hibernate's default producer after bean creation failure for interface org.hibernate.context.spi.CurrentTenantIdentifierResolver: org.springframework.beans.factory.NoSuchBeanDefinitionException: No qualifying bean of type 'org.hibernate.context.spi.CurrentTenantIdentifierResolver<?>' available
2025-12-26 23:11:28 DEBUG o.s.o.j.h.SpringBeanContainer - Falling back to Hibernate's default producer after bean creation failure for interface org.hibernate.context.spi.TenantSchemaMapper: org.springframework.beans.factory.NoSuchBeanDefinitionException: No qualifying bean of type 'org.hibernate.context.spi.TenantSchemaMapper<?>' available
2025-12-26 23:11:28 DEBUG o.h.o.factory - HHH90020001: Instantiating factory [a310c401-8a6e-4478-8d34-7f06fa8eff3d] with settings: {hibernate.format_sql=true, java.specification.version=25, hibernate.resource.beans.container=org.springframework.orm.jpa.hibernate.SpringBeanContainer@4bdcd563, hibernate.connection.handling_mode=DELAYED_ACQUISITION_AND_HOLD, sun.jnu.encoding=UTF-8, hibernate.implicit_naming_strategy=org.springframework.boot.hibernate.SpringImplicitNamingStrategy, java.class.path=/Users/parthiv/Downloads/projection-ready-features/target/classes:/Users/parthiv/.m2/repository/org/springframework/boot/spring-boot-starter-data-jpa/4.0.1/spring-boot-starter-data-jpa-4.0.1.jar:/Users/parthiv/.m2/repository/org/springframework/boot/spring-boot-starter/4.0.1/spring-boot-starter-4.0.1.jar:/Users/parthiv/.m2/repository/org/springframework/boot/spring-boot-starter-logging/4.0.1/spring-boot-starter-logging-4.0.1.jar:/Users/parthiv/.m2/repository/ch/qos/logback/logback-classic/1.5.22/logback-classic-1.5.22.jar:/Users/parthiv/.m2/repository/ch/qos/logback/logback-core/1.5.22/logback-core-1.5.22.jar:/Users/parthiv/.m2/repository/org/apache/logging/log4j/log4j-to-slf4j/2.25.3/log4j-to-slf4j-2.25.3.jar:/Users/parthiv/.m2/repository/org/apache/logging/log4j/log4j-api/2.25.3/log4j-api-2.25.3.jar:/Users/parthiv/.m2/repository/org/slf4j/jul-to-slf4j/2.0.17/jul-to-slf4j-2.0.17.jar:/Users/parthiv/.m2/repository/jakarta/annotation/jakarta.annotation-api/3.0.0/jakarta.annotation-api-3.0.0.jar:/Users/parthiv/.m2/repository/org/yaml/snakeyaml/2.5/snakeyaml-2.5.jar:/Users/parthiv/.m2/repository/org/springframework/boot/spring-boot-starter-jdbc/4.0.1/spring-boot-starter-jdbc-4.0.1.jar:/Users/parthiv/.m2/repository/com/zaxxer/HikariCP/7.0.2/HikariCP-7.0.2.jar:/Users/parthiv/.m2/repository/org/slf4j/slf4j-api/2.0.17/slf4j-api-2.0.17.jar:/Users/parthiv/.m2/repository/org/springframework/boot/spring-boot-data-jpa/4.0.1/spring-boot-data-jpa-4.0.1.jar:/Users/parthiv/.m2/repository/org/springframework/boot/spring-boot-data-commons/4.0.1/spring-boot-data-commons-4.0.1.jar:/Users/parthiv/.m2/repository/org/springframework/boot/spring-boot-persistence/4.0.1/spring-boot-persistence-4.0.1.jar:/Users/parthiv/.m2/repository/org/springframework/data/spring-data-commons/4.0.1/spring-data-commons-4.0.1.jar:/Users/parthiv/.m2/repository/org/springframework/boot/spring-boot-hibernate/4.0.1/spring-boot-hibernate-4.0.1.jar:/Users/parthiv/.m2/repository/org/springframework/boot/spring-boot-jpa/4.0.1/spring-boot-jpa-4.0.1.jar:/Users/parthiv/.m2/repository/org/springframework/spring-orm/7.0.2/spring-orm-7.0.2.jar:/Users/parthiv/.m2/repository/org/springframework/data/spring-data-jpa/4.0.1/spring-data-jpa-4.0.1.jar:/Users/parthiv/.m2/repository/org/springframework/spring-aop/7.0.2/spring-aop-7.0.2.jar:/Users/parthiv/.m2/repository/org/springframework/spring-tx/7.0.2/spring-tx-7.0.2.jar:/Users/parthiv/.m2/repository/org/springframework/spring-beans/7.0.2/spring-beans-7.0.2.jar:/Users/parthiv/.m2/repository/org/springframework/spring-aspects/7.0.2/spring-aspects-7.0.2.jar:/Users/parthiv/.m2/repository/org/aspectj/aspectjweaver/1.9.25.1/aspectjweaver-1.9.25.1.jar:/Users/parthiv/.m2/repository/org/springframework/boot/spring-boot-jdbc/4.0.1/spring-boot-jdbc-4.0.1.jar:/Users/parthiv/.m2/repository/org/springframework/boot/spring-boot-sql/4.0.1/spring-boot-sql-4.0.1.jar:/Users/parthiv/.m2/repository/org/springframework/boot/spring-boot-transaction/4.0.1/spring-boot-transaction-4.0.1.jar:/Users/parthiv/.m2/repository/org/springframework/spring-jdbc/7.0.2/spring-jdbc-7.0.2.jar:/Users/parthiv/.m2/repository/org/springframework/boot/spring-boot-starter-webmvc/4.0.1/spring-boot-starter-webmvc-4.0.1.jar:/Users/parthiv/.m2/repository/org/springframework/boot/spring-boot-starter-jackson/4.0.1/spring-boot-starter-jackson-4.0.1.jar:/Users/parthiv/.m2/repository/org/springframework/boot/spring-boot-jackson/4.0.1/spring-boot-jackson-4.0.1.jar:/Users/parthiv/.m2/repository/tools/jackson/core/jackson-databind/3.0.3/jackson-databind-3.0.3.jar:/Users/parthiv/.m2/repository/com/fasterxml/jackson/core/jackson-annotations/2.20/jackson-annotations-2.20.jar:/Users/parthiv/.m2/repository/tools/jackson/core/jackson-core/3.0.3/jackson-core-3.0.3.jar:/Users/parthiv/.m2/repository/org/springframework/boot/spring-boot-starter-tomcat/4.0.1/spring-boot-starter-tomcat-4.0.1.jar:/Users/parthiv/.m2/repository/org/springframework/boot/spring-boot-starter-tomcat-runtime/4.0.1/spring-boot-starter-tomcat-runtime-4.0.1.jar:/Users/parthiv/.m2/repository/org/apache/tomcat/embed/tomcat-embed-core/11.0.15/tomcat-embed-core-11.0.15.jar:/Users/parthiv/.m2/repository/org/apache/tomcat/embed/tomcat-embed-el/11.0.15/tomcat-embed-el-11.0.15.jar:/Users/parthiv/.m2/repository/org/apache/tomcat/embed/tomcat-embed-websocket/11.0.15/tomcat-embed-websocket-11.0.15.jar:/Users/parthiv/.m2/repository/org/springframework/boot/spring-boot-tomcat/4.0.1/spring-boot-tomcat-4.0.1.jar:/Users/parthiv/.m2/repository/org/springframework/boot/spring-boot-http-converter/4.0.1/spring-boot-http-converter-4.0.1.jar:/Users/parthiv/.m2/repository/org/springframework/spring-web/7.0.2/spring-web-7.0.2.jar:/Users/parthiv/.m2/repository/io/micrometer/micrometer-observation/1.16.1/micrometer-observation-1.16.1.jar:/Users/parthiv/.m2/repository/io/micrometer/micrometer-commons/1.16.1/micrometer-commons-1.16.1.jar:/Users/parthiv/.m2/repository/org/springframework/boot/spring-boot-webmvc/4.0.1/spring-boot-webmvc-4.0.1.jar:/Users/parthiv/.m2/repository/org/springframework/boot/spring-boot-servlet/4.0.1/spring-boot-servlet-4.0.1.jar:/Users/parthiv/.m2/repository/org/springframework/spring-webmvc/7.0.2/spring-webmvc-7.0.2.jar:/Users/parthiv/.m2/repository/org/springframework/spring-expression/7.0.2/spring-expression-7.0.2.jar:/Users/parthiv/.m2/repository/com/mysql/mysql-connector-j/9.5.0/mysql-connector-j-9.5.0.jar:/Users/parthiv/.m2/repository/org/projectlombok/lombok/1.18.42/lombok-1.18.42.jar:/Users/parthiv/.m2/repository/org/springframework/spring-core/7.0.2/spring-core-7.0.2.jar:/Users/parthiv/.m2/repository/commons-logging/commons-logging/1.3.5/commons-logging-1.3.5.jar:/Users/parthiv/.m2/repository/org/jspecify/jspecify/1.0.0/jspecify-1.0.0.jar:/Users/parthiv/.m2/repository/org/springframework/boot/spring-boot-web-server/4.0.1/spring-boot-web-server-4.0.1.jar:/Users/parthiv/.m2/repository/org/modelmapper/modelmapper/3.2.6/modelmapper-3.2.6.jar:/Users/parthiv/.m2/repository/org/springframework/boot/spring-boot-devtools/4.0.1/spring-boot-devtools-4.0.1.jar:/Users/parthiv/.m2/repository/org/springframework/boot/spring-boot/4.0.1/spring-boot-4.0.1.jar:/Users/parthiv/.m2/repository/org/springframework/spring-context/7.0.2/spring-context-7.0.2.jar:/Users/parthiv/.m2/repository/org/springframework/boot/spring-boot-autoconfigure/4.0.1/spring-boot-autoconfigure-4.0.1.jar:/Users/parthiv/.m2/repository/org/hibernate/orm/hibernate-envers/7.2.0.Final/hibernate-envers-7.2.0.Final.jar:/Users/parthiv/.m2/repository/org/hibernate/orm/hibernate-core/7.2.0.Final/hibernate-core-7.2.0.Final.jar:/Users/parthiv/.m2/repository/jakarta/persistence/jakarta.persistence-api/3.2.0/jakarta.persistence-api-3.2.0.jar:/Users/parthiv/.m2/repository/jakarta/transaction/jakarta.transaction-api/2.0.1/jakarta.transaction-api-2.0.1.jar:/Users/parthiv/.m2/repository/com/fasterxml/classmate/1.7.1/classmate-1.7.1.jar:/Users/parthiv/.m2/repository/net/bytebuddy/byte-buddy/1.17.8/byte-buddy-1.17.8.jar:/Users/parthiv/.m2/repository/jakarta/inject/jakarta.inject-api/2.0.1/jakarta.inject-api-2.0.1.jar:/Users/parthiv/.m2/repository/org/antlr/antlr4-runtime/4.13.2/antlr4-runtime-4.13.2.jar:/Users/parthiv/.m2/repository/org/jboss/logging/jboss-logging/3.6.1.Final/jboss-logging-3.6.1.Final.jar:/Users/parthiv/.m2/repository/org/hibernate/models/hibernate-models/1.0.1/hibernate-models-1.0.1.jar:/Users/parthiv/.m2/repository/jakarta/xml/bind/jakarta.xml.bind-api/4.0.4/jakarta.xml.bind-api-4.0.4.jar:/Users/parthiv/.m2/repository/jakarta/activation/jakarta.activation-api/2.1.4/jakarta.activation-api-2.1.4.jar:/Users/parthiv/.m2/repository/org/glassfish/jaxb/jaxb-runtime/4.0.6/jaxb-runtime-4.0.6.jar:/Users/parthiv/.m2/repository/org/glassfish/jaxb/jaxb-core/4.0.6/jaxb-core-4.0.6.jar:/Users/parthiv/.m2/repository/org/eclipse/angus/angus-activation/2.0.3/angus-activation-2.0.3.jar:/Users/parthiv/.m2/repository/org/glassfish/jaxb/txw2/4.0.6/txw2-4.0.6.jar:/Users/parthiv/.m2/repository/com/sun/istack/istack-commons-runtime/4.1.2/istack-commons-runtime-4.1.2.jar:/Users/parthiv/.m2/repository/io/smallrye/jandex/3.3.2/jandex-3.3.2.jar, java.vm.vendor=Oracle Corporation, sun.arch.data.model=64, catalina.useNaming=false, java.vendor.url=https://java.oracle.com/, user.timezone=Asia/Kolkata, jakarta.persistence.sharedCache.mode=UNSPECIFIED, org.jboss.logging.provider=slf4j, os.name=Mac OS X, java.vm.specification.version=25, APPLICATION_NAME=projection-ready-features, jakarta.persistence.nonJtaDataSource=HikariDataSource (HikariPool-7), sun.java.launcher=SUN_STANDARD, user.country=IN, sun.boot.library.path=/Library/Java/JavaVirtualMachines/jdk-25.jdk/Contents/Home/lib, sun.java.command=com.projects.parthiv.projection_ready_features.ProjectionReadyFeaturesApplication, javax.persistence.nonJtaDataSource=HikariDataSource (HikariPool-7), hibernate.transaction.jta.platform=org.hibernate.engine.transaction.jta.platform.internal.NoJtaPlatform@1054d1fd, http.nonProxyHosts=local|*.local|169.254/16|*.169.254/16, jdk.debug=release, sun.cpu.endian=little, hibernate.cdi.extensions=true, user.home=/Users/parthiv, user.language=en, sun.stderr.encoding=UTF-8, java.specification.vendor=Oracle Corporation, java.version.date=2025-09-16, java.home=/Library/Java/JavaVirtualMachines/jdk-25.jdk/Contents/Home, file.separator=/, java.vm.compressedOopsMode=Zero based, sun.stdout.encoding=UTF-8, line.separator=
, hibernate.persistenceUnitName=default, java.vm.specification.vendor=Oracle Corporation, java.specification.name=Java Platform API Specification, FILE_LOG_CHARSET=UTF-8, hibernate.transaction.coordinator_class=class org.hibernate.resource.transaction.backend.jdbc.internal.JdbcResourceLocalTransactionCoordinatorBuilderImpl, java.awt.headless=true, apple.awt.application.name=ProjectionReadyFeaturesApplication, jakarta.persistence.validation.mode=AUTO, hibernate.hbm2ddl.auto=create, sun.management.compiler=HotSpot 64-Bit Tiered Compilers, ftp.nonProxyHosts=local|*.local|169.254/16|*.169.254/16, java.runtime.version=25+37-LTS-3491, user.name=parthiv, stdout.encoding=UTF-8, path.separator=:, os.version=15.6, java.runtime.name=Java(TM) SE Runtime Environment, file.encoding=UTF-8, java.vm.name=Java HotSpot(TM) 64-Bit Server VM, hibernate.show_sql=true, java.vendor.url.bug=https://bugreport.java.com/bugreport/, java.io.tmpdir=/var/folders/hy/rg1ydk8n517db2_6bb0qdjdm0000gn/T/, catalina.home=/private/var/folders/hy/rg1ydk8n517db2_6bb0qdjdm0000gn/T/tomcat.9000.18087805656134660587, java.version=25, hibernate.physical_naming_strategy=org.hibernate.boot.model.naming.PhysicalNamingStrategySnakeCaseImpl, user.dir=/Users/parthiv/Downloads/projection-ready-features, os.arch=aarch64, java.vm.specification.name=Java Virtual Machine Specification, PID=82192, CONSOLE_LOG_CHARSET=UTF-8, catalina.base=/private/var/folders/hy/rg1ydk8n517db2_6bb0qdjdm0000gn/T/tomcat.9000.18087805656134660587, hibernate.boot.CfgXmlAccessService.key=org.hibernate.boot.registry.StandardServiceRegistryBuilder$1@77b50c6f, native.encoding=UTF-8, java.library.path=/Users/parthiv/Library/Java/Extensions:/Library/Java/Extensions:/Network/Library/Java/Extensions:/System/Library/Java/Extensions:/usr/lib/java:., stderr.encoding=UTF-8, java.vendor=Oracle Corporation, java.vm.info=mixed mode, sharing, java.vm.version=25+37-LTS-3491, stdin.encoding=UTF-8, sun.io.unicode.encoding=UnicodeBig, hibernate.archive.scanner=org.hibernate.boot.archive.scan.internal.DisabledScanner, hibernate.connection.datasource=HikariDataSource (HikariPool-7), socksNonProxyHosts=local|*.local|169.254/16|*.169.254/16, java.class.version=69.0, LOGGED_APPLICATION_NAME=[projection-ready-features] }
2025-12-26 23:11:28 DEBUG o.h.HQL_FUNCTIONS - Available HQL Functions:
	_order_by_frag(arg0, arg1)
	abs(NUMERIC arg)
	Double acos(NUMERIC arg)
	adddate(DATE datetime, INTEGER days)
	addtime(TIME datetime, TIME time)
	Boolean any(BOOLEAN arg)
	Integer ascii(STRING arg)
	Double asin(NUMERIC arg)
	Double atan(NUMERIC arg)
	Double atan2(NUMERIC arg0, NUMERIC arg1)
	avg(arg)
	bit_and(arg)
	Integer bit_length(STRING_OR_CLOB arg)
	bit_or(arg)
	bitand(arg0, arg1)
	bitnot(arg)
	bitor(arg0, arg1)
	bitxor(arg0, arg1)
	cast(arg as Type)
	ceiling(NUMERIC arg)
	Character char(INTEGER arg)
	Integer character_length(STRING_OR_CLOB arg)
	Character chr(INTEGER arg)
	coalesce(arg0[, arg1[, ...]])
	String collate(STRING string as COLLATION collation)
	String concat(STRING string0[, STRING string1[, ...]])
	Double cos(NUMERIC arg)
	Double cosh(NUMERIC arg)
	Double cot(NUMERIC arg)
	Long count([distinct ]{arg|*})
	Integer crc32(arg)
	Double cume_dist([arg0[, ...]])
	Date curdate()
	Date current date
	Time current time
	Timestamp current timestamp
	Date current_date
	Instant current_instant
	Time current_time
	Timestamp current_timestamp
	Time curtime()
	Date date(arg)
	dateadd(TEMPORAL_UNIT field, INTEGER magnitude, TEMPORAL datetime)
	Integer datediff(DATE end, DATE start)
	Integer day(DATE arg)
	String dayname(DATE arg)
	Integer dayofmonth(DATE arg)
	Integer dayofweek(DATE arg)
	Integer dayofyear(DATE arg)
	Double degrees(NUMERIC arg)
	Long dense_rank([arg0[, ...]])
	Boolean every(BOOLEAN arg)
	Double exp(NUMERIC arg)
	extract(TEMPORAL_UNIT field from TEMPORAL arg)
	first_valueANY value
	floor(NUMERIC arg)
	String format(TEMPORAL datetime as STRING pattern)
	greatest(COMPARABLE arg0, COMPARABLE arg1[, arg2[, ...]])
	String hex(arg)
	Integer hour(TIME arg)
	ifnull(arg0, arg1)
	String insert(STRING string, INTEGER start, INTEGER length, STRING replacement)
	Instant instant
	Integer instr(STRING string, STRING pattern[, INTEGER start[, INTEGER occurrence]])
	String json_array([arg0[, ...]])
	String json_array_append(IMPLICIT_JSON arg0, STRING arg1, ANY arg2)
	String json_array_insert(IMPLICIT_JSON arg0, STRING arg1, ANY arg2)
	String json_arrayagg(arg0[, arg1])
	Boolean json_exists(IMPLICIT_JSON arg0, STRING arg1)
	String json_insert(IMPLICIT_JSON arg0, STRING arg1, ANY arg2)
	String json_mergepatch(IMPLICIT_JSON arg0, IMPLICIT_JSON arg1[, arg2[, ...]])
	String json_object( ... )
	String json_objectagg(arg0, arg1[, arg2, arg3])
	String json_query( ... )
	String json_remove(IMPLICIT_JSON arg0, STRING arg1)
	String json_replace(IMPLICIT_JSON arg0, STRING arg1, ANY arg2)
	String json_set(IMPLICIT_JSON arg0, STRING arg1, ANY arg2)
	json_value( ... )
	lagANY value[, INTEGER offset[, ANY default]]
	Date last_day(DATE arg)
	last_valueANY value
	leadANY value[, INTEGER offset[, ANY default]]
	least(COMPARABLE arg0, COMPARABLE arg1[, arg2[, ...]])
	String left(STRING string, INTEGER length)
	Integer length(STRING_OR_CLOB arg)
	String listagg(STRING arg0, STRING arg1)
	Double ln(NUMERIC arg)
	LocalDate local date
	LocalDateTime local datetime
	LocalTime local time
	LocalDate local_date
	LocalDateTime local_datetime
	LocalTime local_time
	Time localtime
	Timestamp localtimestamp
	Integer locate(STRING pattern, STRING string[, INTEGER start])
	Double log(NUMERIC arg0[, NUMERIC arg1])
	Double log10(NUMERIC arg)
	Double log2(NUMERIC arg)
	String lower(STRING string)
	String lpad(string, length[, padding])
	String ltrim(STRING string[, STRING characters])
	Date makedate(INTEGER year, INTEGER dayofyear)
	Time maketime(INTEGER hour, INTEGER min, INTEGER sec)
	max(COMPARABLE arg)
	byte[] md5(arg)
	Integer microsecond(TIME arg)
	min(COMPARABLE arg)
	Integer minute(TIME arg)
	Integer mod(INTEGER arg0, INTEGER arg1)
	Integer month(DATE arg)
	String monthname(DATE arg)
	Timestamp now()
	nth_valueANY value, INTEGER nth
	nullif(arg0, arg1)
	Integer octet_length(STRING_OR_CLOB arg)
	OffsetDateTime offset datetime
	OffsetDateTime offset_datetime
	Integer ordinal(ENUM arg)
	String overlay(STRING string placing STRING replacement from INTEGER start[ for INTEGER length])
	String pad(STRING string with INTEGER length {leading|trailing}[ STRING character])
	Double percent_rank([arg0[, ...]])
	Double pi
	Integer position(STRING pattern in STRING string)
	Double power(NUMERIC arg0, NUMERIC arg1)
	Integer quarter(DATE arg)
	Double radians(NUMERIC arg)
	Double rand([INTEGER seed])
	Long rank([arg0[, ...]])
	Boolean regexp_like(STRING arg0, STRING arg1[, STRING arg2])
	String repeat(STRING string, INTEGER times)
	String replace(STRING string, STRING pattern, STRING replacement)
	String reverse(STRING arg)
	String right(STRING string, INTEGER length)
	round(NUMERIC number[, INTEGER places])
	Long row_number()
	String rpad(string, length[, padding])
	String rtrim(STRING string[, STRING characters])
	Integer second(TIME arg)
	byte[] sha(arg)
	String sha1(arg)
	String sha2(arg0, arg1)
	Integer sign(NUMERIC arg)
	Double sin(NUMERIC arg)
	Double sinh(NUMERIC arg)
	String soundex(arg)
	String space(INTEGER arg)
	sql
	Double sqrt(NUMERIC arg)
	Double stddev(NUMERIC arg)
	Double stddev_pop(NUMERIC arg)
	Double stddev_samp(NUMERIC arg)
	String str(arg)
	String string(ENUM arg)
	subdate(DATE datetime, INTEGER days)
	String substr(STRING string, INTEGER start[, INTEGER length])
	String substring(STRING string{ from|,} INTEGER start[{ for|,} INTEGER length])
	subtime(TIME datetime, TIME time)
	sum(arg)
	Timestamp sysdate()
	Double tan(NUMERIC arg)
	Double tanh(NUMERIC arg)
	String time(arg)
	Timestamp timestamp(arg0[, arg1])
	timestampadd(TEMPORAL_UNIT field, INTEGER magnitude, TEMPORAL datetime)
	Long|Double timestampdiff(TEMPORAL_UNIT field, TEMPORAL start, TEMPORAL end)
	String trim([[{leading|trailing|both} ][STRING arg0 ]from] STRING arg1)
	trunc( ... )
	truncate( ... )
	String upper(STRING string)
	Date utc_date
	Time utc_time
	Timestamp utc_timestamp
	Double var_pop(NUMERIC arg)
	Double var_samp(NUMERIC arg)
	Double variance(NUMERIC arg)
	Integer week(DATE arg)
	Integer year(DATE arg)

2025-12-26 23:11:28 DEBUG o.h.o.core - HHH000513: Unable to create the ReflectionOptimizer for [com.projects.parthiv.projection_ready_features.entities.PostEntity]: private accessor [createdBy]
2025-12-26 23:11:28 INFO  o.h.o.core - HHH000489: No JTA platform available (set 'hibernate.transaction.jta.platform' to enable JTA platform integration)
2025-12-26 23:11:28 DEBUG o.h.o.service - HHH010454: EventListenerRegistry access via ServiceRegistry is deprecated - use 'sessionFactory.getEventEngine().getListenerRegistry()' instead
2025-12-26 23:11:28 DEBUG o.h.SQL - 
    alter table posts_aud 
       drop 
       foreign key FKgd2crtj4u69d0y8bba9jwogbi
2025-12-26 23:11:28 DEBUG o.s.a.a.AspectJExpressionPointcut - Pointcut parser rejected expression [(beanConstruction(bean) && (preConstructionCondition() && inConfigurableBean()))]: java.lang.IllegalArgumentException: error Type referred to is not an annotation type: Configurable
2025-12-26 23:11:28 DEBUG o.s.a.a.AspectJExpressionPointcut - Pointcut parser rejected expression [(beanConstruction(bean) && (postConstructionCondition() && inConfigurableBean()))]: java.lang.IllegalArgumentException: error Type referred to is not an annotation type: Configurable
2025-12-26 23:11:28 DEBUG o.s.a.a.AspectJExpressionPointcut - Pointcut parser rejected expression [(beanDeserialization(bean) && inConfigurableBean())]: java.lang.IllegalArgumentException: error Type referred to is not an annotation type: Configurable
2025-12-26 23:11:28 DEBUG o.s.b.f.s.DefaultListableBeanFactory - Creating shared instance of singleton bean 'transactionAttributeSource'
2025-12-26 23:11:28 DEBUG o.s.b.f.s.DefaultListableBeanFactory - Creating shared instance of singleton bean 'transactionInterceptor'
2025-12-26 23:11:28 DEBUG o.s.b.f.s.DefaultListableBeanFactory - Autowiring by type from bean name 'transactionInterceptor' via factory method to bean named 'transactionAttributeSource'
2025-12-26 23:11:28 DEBUG o.s.b.f.s.DefaultListableBeanFactory - Autowiring by type from bean name 'org.springframework.transaction.config.internalTransactionAdvisor' via factory method to bean named 'transactionAttributeSource'
2025-12-26 23:11:28 DEBUG o.s.b.f.s.DefaultListableBeanFactory - Autowiring by type from bean name 'org.springframework.transaction.config.internalTransactionAdvisor' via factory method to bean named 'transactionInterceptor'
2025-12-26 23:11:28 DEBUG o.h.SQL - 
    drop table if exists posts
2025-12-26 23:11:28 DEBUG o.s.b.f.s.DefaultListableBeanFactory - Creating shared instance of singleton bean 'webServerFactoryCustomizerBeanPostProcessor'
2025-12-26 23:11:28 DEBUG o.s.b.f.s.DefaultListableBeanFactory - Creating shared instance of singleton bean 'errorPageRegistrarBeanPostProcessor'
2025-12-26 23:11:28 DEBUG o.h.SQL - 
    drop table if exists posts_aud
2025-12-26 23:11:28 DEBUG o.s.b.f.s.DefaultListableBeanFactory - Creating shared instance of singleton bean 'applicationTaskExecutor'
2025-12-26 23:11:28 DEBUG o.s.b.f.s.DefaultListableBeanFactory - Creating shared instance of singleton bean 'org.springframework.boot.autoconfigure.task.TaskExecutorConfigurations$TaskExecutorConfiguration'
2025-12-26 23:11:28 DEBUG o.s.b.f.s.DefaultListableBeanFactory - Creating shared instance of singleton bean 'threadPoolTaskExecutorBuilder'
2025-12-26 23:11:28 DEBUG o.s.b.f.s.DefaultListableBeanFactory - Creating shared instance of singleton bean 'org.springframework.boot.autoconfigure.task.TaskExecutorConfigurations$ThreadPoolTaskExecutorBuilderConfiguration'
2025-12-26 23:11:28 DEBUG o.s.b.f.s.DefaultListableBeanFactory - Creating shared instance of singleton bean 'spring.task.execution-org.springframework.boot.autoconfigure.task.TaskExecutionProperties'
2025-12-26 23:11:28 DEBUG o.h.SQL - 
    drop table if exists revinfo
2025-12-26 23:11:28 DEBUG o.s.b.f.s.DefaultListableBeanFactory - Creating shared instance of singleton bean 'org.springframework.boot.context.properties.BoundConfigurationProperties'
2025-12-26 23:11:28 DEBUG o.h.SQL - 
    create table posts (
        created_date datetime(6) not null,
        id bigint not null auto_increment,
        updated_date datetime(6),
        created_by varchar(255),
        description varchar(255),
        title varchar(255),
        updated_by varchar(255),
        primary key (id)
    ) engine=InnoDB
2025-12-26 23:11:28 DEBUG o.s.b.f.s.DefaultListableBeanFactory - Autowiring by type from bean name 'threadPoolTaskExecutorBuilder' via factory method to bean named 'spring.task.execution-org.springframework.boot.autoconfigure.task.TaskExecutionProperties'
2025-12-26 23:11:28 DEBUG o.s.b.f.s.DefaultListableBeanFactory - Autowiring by type from bean name 'applicationTaskExecutor' via factory method to bean named 'threadPoolTaskExecutorBuilder'
2025-12-26 23:11:28 DEBUG o.h.SQL - 
    create table posts_aud (
        rev integer not null,
        revtype tinyint,
        created_date datetime(6),
        id bigint not null,
        updated_date datetime(6),
        created_by varchar(255),
        description varchar(255),
        title varchar(255),
        updated_by varchar(255),
        primary key (rev, id)
    ) engine=InnoDB
2025-12-26 23:11:28 DEBUG o.s.s.c.ThreadPoolTaskExecutor - Initializing ExecutorService 'applicationTaskExecutor'
2025-12-26 23:11:28 DEBUG o.s.b.f.s.DefaultListableBeanFactory - Creating shared instance of singleton bean 'org.springframework.test.context.support.internalDynamicPropertyRegistrarBeanInitializer'
2025-12-26 23:11:28 DEBUG o.s.b.f.s.DefaultListableBeanFactory - Creating shared instance of singleton bean 'dataSourceScriptDatabaseInitializer'
2025-12-26 23:11:28 DEBUG o.s.b.f.s.DefaultListableBeanFactory - Creating shared instance of singleton bean 'org.springframework.boot.jdbc.autoconfigure.DataSourceInitializationAutoConfiguration'
2025-12-26 23:11:28 DEBUG o.s.b.f.s.DefaultListableBeanFactory - Creating shared instance of singleton bean 'dataSource'
2025-12-26 23:11:28 DEBUG o.s.b.f.s.DefaultListableBeanFactory - Creating shared instance of singleton bean 'org.springframework.boot.jdbc.autoconfigure.DataSourceConfiguration$Hikari'
2025-12-26 23:11:28 DEBUG o.s.b.f.s.DefaultListableBeanFactory - Creating shared instance of singleton bean 'spring.datasource-org.springframework.boot.jdbc.autoconfigure.DataSourceProperties'
2025-12-26 23:11:28 DEBUG o.h.SQL - 
    create table revinfo (
        rev integer not null auto_increment,
        revtstmp bigint,
        primary key (rev)
    ) engine=InnoDB
2025-12-26 23:11:28 DEBUG o.s.b.f.s.DefaultListableBeanFactory - Creating shared instance of singleton bean 'jdbcConnectionDetails'
2025-12-26 23:11:28 DEBUG o.s.b.f.s.DefaultListableBeanFactory - Creating shared instance of singleton bean 'org.springframework.boot.jdbc.autoconfigure.DataSourceAutoConfiguration$PooledDataSourceConfiguration'
2025-12-26 23:11:28 DEBUG o.s.b.f.s.DefaultListableBeanFactory - Autowiring by type from bean name 'jdbcConnectionDetails' via factory method to bean named 'spring.datasource-org.springframework.boot.jdbc.autoconfigure.DataSourceProperties'
2025-12-26 23:11:28 DEBUG o.h.SQL - 
    alter table posts_aud 
       add constraint FKgd2crtj4u69d0y8bba9jwogbi 
       foreign key (rev) 
       references revinfo (rev)
2025-12-26 23:11:28 DEBUG o.s.b.f.s.DefaultListableBeanFactory - Autowiring by type from bean name 'dataSource' via factory method to bean named 'spring.datasource-org.springframework.boot.jdbc.autoconfigure.DataSourceProperties'
2025-12-26 23:11:28 DEBUG o.s.b.f.s.DefaultListableBeanFactory - Autowiring by type from bean name 'dataSource' via factory method to bean named 'jdbcConnectionDetails'
2025-12-26 23:11:28 DEBUG o.s.b.f.s.DefaultListableBeanFactory - Autowiring by type from bean name 'dataSource' via factory method to bean named 'environment'
2025-12-26 23:11:28 DEBUG c.z.h.u.UtilityElf - Class com.mysql.cj.jdbc.Driver found in Thread context class loader jdk.internal.loader.ClassLoaders$AppClassLoader@14dad5dc
2025-12-26 23:11:28 DEBUG o.s.b.f.s.DefaultListableBeanFactory - Creating shared instance of singleton bean 'spring.sql.init-org.springframework.boot.sql.autoconfigure.init.SqlInitializationProperties'
2025-12-26 23:11:28 DEBUG o.s.b.f.s.DefaultListableBeanFactory - Autowiring by type from bean name 'dataSourceScriptDatabaseInitializer' via factory method to bean named 'dataSource'
2025-12-26 23:11:28 DEBUG o.s.b.f.s.DefaultListableBeanFactory - Autowiring by type from bean name 'dataSourceScriptDatabaseInitializer' via factory method to bean named 'spring.sql.init-org.springframework.boot.sql.autoconfigure.init.SqlInitializationProperties'
2025-12-26 23:11:28 DEBUG o.s.b.f.s.DefaultListableBeanFactory - Creating shared instance of singleton bean 'org.springframework.context.config.internalBeanConfigurerAspect'
2025-12-26 23:11:28 DEBUG o.s.b.f.s.DefaultListableBeanFactory - Creating shared instance of singleton bean 'entityManagerFactory'
2025-12-26 23:11:28 DEBUG o.s.b.f.s.DefaultListableBeanFactory - Creating shared instance of singleton bean 'org.springframework.boot.hibernate.autoconfigure.HibernateJpaConfiguration'
2025-12-26 23:11:28 DEBUG o.h.o.factoryRegistry - HHH020384: Registering SessionFactory [a310c401-8a6e-4478-8d34-7f06fa8eff3d] (default)
2025-12-26 23:11:28 INFO  o.s.o.j.LocalContainerEntityManagerFactoryBean - Initialized JPA EntityManagerFactory for persistence unit 'default'
2025-12-26 23:11:28 DEBUG o.s.b.f.s.DefaultListableBeanFactory - Creating shared instance of singleton bean 'spring.jpa-org.springframework.boot.jpa.autoconfigure.JpaProperties'
2025-12-26 23:11:29 DEBUG o.s.b.f.s.DefaultListableBeanFactory - Creating shared instance of singleton bean 'spring.jpa.hibernate-org.springframework.boot.hibernate.autoconfigure.HibernateProperties'
2025-12-26 23:11:29 DEBUG o.s.b.f.s.DefaultListableBeanFactory - Autowiring by type from bean name 'org.springframework.boot.hibernate.autoconfigure.HibernateJpaConfiguration' via constructor to bean named 'dataSource'
2025-12-26 23:11:29 DEBUG o.s.b.f.s.DefaultListableBeanFactory - Autowiring by type from bean name 'org.springframework.boot.hibernate.autoconfigure.HibernateJpaConfiguration' via constructor to bean named 'spring.jpa-org.springframework.boot.jpa.autoconfigure.JpaProperties'
2025-12-26 23:11:29 DEBUG o.s.b.f.s.DefaultListableBeanFactory - Autowiring by type from bean name 'org.springframework.boot.hibernate.autoconfigure.HibernateJpaConfiguration' via constructor to bean named 'org.springframework.beans.factory.support.DefaultListableBeanFactory@698fee9a'
2025-12-26 23:11:29 DEBUG o.s.b.f.s.DefaultListableBeanFactory - Autowiring by type from bean name 'org.springframework.boot.hibernate.autoconfigure.HibernateJpaConfiguration' via constructor to bean named 'spring.jpa.hibernate-org.springframework.boot.hibernate.autoconfigure.HibernateProperties'
2025-12-26 23:11:29 DEBUG o.s.b.f.s.DefaultListableBeanFactory - Creating shared instance of singleton bean 'hikariPoolDataSourceMetadataProvider'
2025-12-26 23:11:29 DEBUG o.s.b.f.s.DefaultListableBeanFactory - Creating shared instance of singleton bean 'projectionReadyFeaturesApplication'
2025-12-26 23:11:29 DEBUG o.s.b.f.s.DefaultListableBeanFactory - Creating shared instance of singleton bean 'org.springframework.boot.jdbc.autoconfigure.DataSourcePoolMetadataProvidersConfiguration$HikariPoolDataSourceMetadataProviderConfiguration'
2025-12-26 23:11:29 DEBUG o.s.b.f.s.DefaultListableBeanFactory - Creating shared instance of singleton bean 'globalExceptionHandler'
2025-12-26 23:11:29 DEBUG o.s.b.f.s.DefaultListableBeanFactory - Creating shared instance of singleton bean 'appConfig'
2025-12-26 23:11:29 DEBUG o.s.b.f.s.DefaultListableBeanFactory - Creating shared instance of singleton bean 'restClientConfig'
2025-12-26 23:11:29 DEBUG o.s.c.e.PropertySourcesPropertyResolver - Found key 'employeeService.base.url' in PropertySource 'environmentProperties' with value of type String
2025-12-26 23:11:29 DEBUG o.s.b.f.s.DefaultListableBeanFactory - Creating shared instance of singleton bean 'auditController'
2025-12-26 23:11:29 DEBUG o.s.b.f.s.DefaultListableBeanFactory - Creating shared instance of singleton bean 'postController'
2025-12-26 23:11:29 DEBUG o.s.b.f.s.DefaultListableBeanFactory - Creating shared instance of singleton bean 'entityManagerFactoryBuilder'
2025-12-26 23:11:29 DEBUG o.s.b.f.s.DefaultListableBeanFactory - Creating shared instance of singleton bean 'postServiceImpl'
2025-12-26 23:11:29 DEBUG o.s.b.f.s.DefaultListableBeanFactory - Creating shared instance of singleton bean 'postRepository'
2025-12-26 23:11:29 DEBUG o.s.b.f.s.DefaultListableBeanFactory - Creating shared instance of singleton bean 'jpaVendorAdapter'
2025-12-26 23:11:29 DEBUG o.s.b.f.s.DefaultListableBeanFactory - Creating shared instance of singleton bean 'jpa.named-queries#0'
2025-12-26 23:11:29 DEBUG o.s.b.f.s.DefaultListableBeanFactory - Creating shared instance of singleton bean 'jpa.PostRepository.fragments#0'
2025-12-26 23:11:29 DEBUG o.s.b.f.s.DefaultListableBeanFactory - Creating shared instance of singleton bean 'jpaSharedEM_entityManagerFactory'
2025-12-26 23:11:29 DEBUG o.s.b.f.s.DefaultListableBeanFactory - Creating shared instance of singleton bean 'jpaMappingContext'
2025-12-26 23:11:29 DEBUG o.s.d.j.r.c.JpaMetamodelMappingContextFactoryBean - Initializing JpaMetamodelMappingContext…
2025-12-26 23:11:29 DEBUG o.s.d.j.r.c.JpaMetamodelMappingContextFactoryBean - Finished initializing JpaMetamodelMappingContext
2025-12-26 23:11:29 DEBUG o.s.b.CachedIntrospectionResults - Not strongly caching class [com.projects.parthiv.projection_ready_features.entities.PostEntity] because it is not cache-safe
2025-12-26 23:11:29 DEBUG o.s.d.r.c.s.RepositoryFactorySupport - Initializing repository instance for com.projects.parthiv.projection_ready_features.repositories.PostRepository…
2025-12-26 23:11:29 DEBUG o.s.b.f.s.DefaultListableBeanFactory - Autowiring by type from bean name 'entityManagerFactoryBuilder' via factory method to bean named 'jpaVendorAdapter'
2025-12-26 23:11:29 DEBUG o.s.d.r.c.s.RepositoryFactorySupport - Finished creation of repository instance for com.projects.parthiv.projection_ready_features.repositories.PostRepository.
2025-12-26 23:11:29 DEBUG o.s.b.f.s.DefaultListableBeanFactory - Creating shared instance of singleton bean 'getModelMapper'
2025-12-26 23:11:29 DEBUG o.s.b.f.s.DefaultListableBeanFactory - Autowiring by type from bean name 'postServiceImpl' via constructor to bean named 'postRepository'
2025-12-26 23:11:29 DEBUG o.s.b.f.s.DefaultListableBeanFactory - Autowiring by type from bean name 'postServiceImpl' via constructor to bean named 'getModelMapper'
2025-12-26 23:11:29 DEBUG o.s.b.f.s.DefaultListableBeanFactory - Autowiring by type from bean name 'postController' via constructor to bean named 'postServiceImpl'
2025-12-26 23:11:29 DEBUG o.s.b.f.s.DefaultListableBeanFactory - Creating shared instance of singleton bean 'employeeClientImpl'
2025-12-26 23:11:29 DEBUG o.s.b.f.s.DefaultListableBeanFactory - Creating shared instance of singleton bean 'persistenceManagedTypes'
2025-12-26 23:11:29 DEBUG o.s.b.f.s.DefaultListableBeanFactory - Creating shared instance of singleton bean 'getEmployeeServiceRestClient'
2025-12-26 23:11:29 DEBUG o.s.b.f.s.DefaultListableBeanFactory - Autowiring by type from bean name 'persistenceManagedTypes' via factory method to bean named 'org.springframework.beans.factory.support.DefaultListableBeanFactory@698fee9a'
2025-12-26 23:11:29 DEBUG o.s.b.f.s.DefaultListableBeanFactory - Autowiring by type from bean name 'persistenceManagedTypes' via factory method to bean named 'org.springframework.web.context.support.GenericWebApplicationContext@3db972d2'
2025-12-26 23:11:29 DEBUG o.s.b.f.s.DefaultListableBeanFactory - Autowiring by type from bean name 'employeeClientImpl' via constructor to bean named 'getEmployeeServiceRestClient'
2025-12-26 23:11:29 DEBUG o.s.b.f.s.DefaultListableBeanFactory - Creating shared instance of singleton bean 'getAuditorAwareImpl'
2025-12-26 23:11:29 DEBUG o.s.b.f.s.DefaultListableBeanFactory - Creating shared instance of singleton bean 'jpaAuditingHandler'
2025-12-26 23:11:29 DEBUG o.s.a.f.ProxyFactoryBean - Advice has changed; re-caching singleton instance
2025-12-26 23:11:29 DEBUG o.s.b.f.s.DefaultListableBeanFactory - Creating shared instance of singleton bean 'org.springframework.data.jpa.domain.support.AuditingEntityListener'
2025-12-26 23:11:29 DEBUG o.s.b.f.s.DefaultListableBeanFactory - Creating shared instance of singleton bean 'org.springframework.boot.autoconfigure.context.PropertyPlaceholderAutoConfiguration'
2025-12-26 23:11:29 DEBUG o.s.b.f.s.DefaultListableBeanFactory - Creating shared instance of singleton bean 'org.springframework.boot.context.properties.EnableConfigurationPropertiesRegistrar.methodValidationExcludeFilter'
2025-12-26 23:11:29 DEBUG o.s.b.f.s.DefaultListableBeanFactory - Creating shared instance of singleton bean 'org.springframework.boot.webmvc.autoconfigure.DispatcherServletAutoConfiguration'
2025-12-26 23:11:29 DEBUG o.s.b.f.s.DefaultListableBeanFactory - Creating shared instance of singleton bean 'org.springframework.boot.autoconfigure.task.TaskExecutorConfigurations$SimpleAsyncTaskExecutorBuilderConfiguration'
2025-12-26 23:11:29 DEBUG o.s.b.f.s.DefaultListableBeanFactory - Autowiring by type from bean name 'org.springframework.boot.autoconfigure.task.TaskExecutorConfigurations$SimpleAsyncTaskExecutorBuilderConfiguration' via constructor to bean named 'spring.task.execution-org.springframework.boot.autoconfigure.task.TaskExecutionProperties'
2025-12-26 23:11:29 DEBUG o.s.b.f.s.DefaultListableBeanFactory - Creating shared instance of singleton bean 'simpleAsyncTaskExecutorBuilder'
2025-12-26 23:11:29 DEBUG o.s.b.f.s.DefaultListableBeanFactory - Autowiring by type from bean name 'entityManagerFactory' via factory method to bean named 'entityManagerFactoryBuilder'
2025-12-26 23:11:29 DEBUG o.s.b.f.s.DefaultListableBeanFactory - Autowiring by type from bean name 'entityManagerFactory' via factory method to bean named 'persistenceManagedTypes'
2025-12-26 23:11:29 DEBUG o.s.b.f.s.DefaultListableBeanFactory - Creating shared instance of singleton bean 'org.springframework.boot.autoconfigure.task.TaskExecutorConfigurations$AsyncConfigurerConfiguration'
2025-12-26 23:11:29 DEBUG o.s.b.f.s.DefaultListableBeanFactory - Creating shared instance of singleton bean 'applicationTaskExecutorAsyncConfigurer'
2025-12-26 23:11:29 DEBUG o.s.b.f.s.DefaultListableBeanFactory - Autowiring by type from bean name 'applicationTaskExecutorAsyncConfigurer' via factory method to bean named 'org.springframework.beans.factory.support.DefaultListableBeanFactory@41a718e5'
2025-12-26 23:11:29 DEBUG o.s.b.f.s.DefaultListableBeanFactory - Creating shared instance of singleton bean 'org.springframework.boot.autoconfigure.task.TaskExecutorConfigurations$BootstrapExecutorConfiguration'
2025-12-26 23:11:29 DEBUG o.s.b.f.s.DefaultListableBeanFactory - Creating shared instance of singleton bean 'org.springframework.boot.autoconfigure.task.TaskExecutionAutoConfiguration'
2025-12-26 23:11:29 DEBUG o.s.b.f.s.DefaultListableBeanFactory - Creating shared instance of singleton bean 'org.springframework.boot.webmvc.autoconfigure.error.ErrorMvcAutoConfiguration$WhitelabelErrorViewConfiguration'
2025-12-26 23:11:29 DEBUG o.s.b.f.s.DefaultListableBeanFactory - Creating shared instance of singleton bean 'error'
2025-12-26 23:11:29 DEBUG o.s.b.f.s.DefaultListableBeanFactory - Creating shared instance of singleton bean 'beanNameViewResolver'
2025-12-26 23:11:29 DEBUG o.s.b.f.s.DefaultListableBeanFactory - Creating shared instance of singleton bean 'org.springframework.boot.webmvc.autoconfigure.error.ErrorMvcAutoConfiguration$DefaultErrorViewResolverConfiguration'
2025-12-26 23:11:29 DEBUG o.s.b.f.s.DefaultListableBeanFactory - Autowiring by type from bean name 'org.springframework.boot.webmvc.autoconfigure.error.ErrorMvcAutoConfiguration$DefaultErrorViewResolverConfiguration' via constructor to bean named 'org.springframework.boot.web.server.servlet.context.AnnotationConfigServletWebServerApplicationContext@157557ec'
2025-12-26 23:11:29 DEBUG o.s.b.f.s.DefaultListableBeanFactory - Autowiring by type from bean name 'org.springframework.boot.webmvc.autoconfigure.error.ErrorMvcAutoConfiguration$DefaultErrorViewResolverConfiguration' via constructor to bean named 'spring.web-org.springframework.boot.autoconfigure.web.WebProperties'
2025-12-26 23:11:29 DEBUG o.s.b.f.s.DefaultListableBeanFactory - Creating shared instance of singleton bean 'conventionErrorViewResolver'
2025-12-26 23:11:29 DEBUG o.s.b.f.s.DefaultListableBeanFactory - Creating shared instance of singleton bean 'errorAttributes'
2025-12-26 23:11:29 DEBUG o.s.b.f.s.DefaultListableBeanFactory - Creating shared instance of singleton bean 'basicErrorController'
2025-12-26 23:11:29 DEBUG o.s.b.f.s.DefaultListableBeanFactory - Autowiring by type from bean name 'basicErrorController' via factory method to bean named 'errorAttributes'
2025-12-26 23:11:29 DEBUG o.s.b.f.s.DefaultListableBeanFactory - Creating shared instance of singleton bean 'org.springframework.boot.webmvc.autoconfigure.WebMvcAutoConfiguration$EnableWebMvcConfiguration'
2025-12-26 23:11:29 DEBUG o.s.b.f.s.DefaultListableBeanFactory - Autowiring by type from bean name 'org.springframework.boot.webmvc.autoconfigure.WebMvcAutoConfiguration$EnableWebMvcConfiguration' via constructor to bean named 'spring.mvc-org.springframework.boot.webmvc.autoconfigure.WebMvcProperties'
2025-12-26 23:11:29 DEBUG o.s.b.f.s.DefaultListableBeanFactory - Autowiring by type from bean name 'org.springframework.boot.webmvc.autoconfigure.WebMvcAutoConfiguration$EnableWebMvcConfiguration' via constructor to bean named 'spring.web-org.springframework.boot.autoconfigure.web.WebProperties'
2025-12-26 23:11:29 DEBUG o.s.b.f.s.DefaultListableBeanFactory - Autowiring by type from bean name 'org.springframework.boot.webmvc.autoconfigure.WebMvcAutoConfiguration$EnableWebMvcConfiguration' via constructor to bean named 'org.springframework.beans.factory.support.DefaultListableBeanFactory@41a718e5'
2025-12-26 23:11:29 DEBUG o.s.b.f.s.DefaultListableBeanFactory - Creating shared instance of singleton bean 'org.springframework.boot.webmvc.autoconfigure.WebMvcAutoConfiguration$WebMvcAutoConfigurationAdapter'
2025-12-26 23:11:29 DEBUG o.s.b.f.s.DefaultListableBeanFactory - Autowiring by type from bean name 'org.springframework.boot.webmvc.autoconfigure.WebMvcAutoConfiguration$WebMvcAutoConfigurationAdapter' via constructor to bean named 'spring.web-org.springframework.boot.autoconfigure.web.WebProperties'
2025-12-26 23:11:29 DEBUG o.s.b.f.s.DefaultListableBeanFactory - Autowiring by type from bean name 'org.springframework.boot.webmvc.autoconfigure.WebMvcAutoConfiguration$WebMvcAutoConfigurationAdapter' via constructor to bean named 'spring.mvc-org.springframework.boot.webmvc.autoconfigure.WebMvcProperties'
2025-12-26 23:11:29 DEBUG o.s.b.f.s.DefaultListableBeanFactory - Autowiring by type from bean name 'org.springframework.boot.webmvc.autoconfigure.WebMvcAutoConfiguration$WebMvcAutoConfigurationAdapter' via constructor to bean named 'org.springframework.beans.factory.support.DefaultListableBeanFactory@41a718e5'
2025-12-26 23:11:29 DEBUG o.s.b.f.s.DefaultListableBeanFactory - Creating shared instance of singleton bean 'org.springframework.data.web.config.SpringDataWebConfiguration'
2025-12-26 23:11:29 DEBUG o.s.b.f.s.DefaultListableBeanFactory - Autowiring by type from bean name 'org.springframework.data.web.config.SpringDataWebConfiguration' via constructor to bean named 'org.springframework.boot.web.server.servlet.context.AnnotationConfigServletWebServerApplicationContext@157557ec'
2025-12-26 23:11:29 DEBUG o.s.b.f.s.DefaultListableBeanFactory - Creating shared instance of singleton bean 'openEntityManagerInViewInterceptorConfigurer'
2025-12-26 23:11:29 DEBUG o.s.b.f.s.DefaultListableBeanFactory - Creating shared instance of singleton bean 'org.springframework.boot.jpa.autoconfigure.JpaBaseConfiguration$JpaWebConfiguration'
2025-12-26 23:11:29 DEBUG o.s.b.f.s.DefaultListableBeanFactory - Autowiring by type from bean name 'org.springframework.boot.jpa.autoconfigure.JpaBaseConfiguration$JpaWebConfiguration' via constructor to bean named 'spring.jpa-org.springframework.boot.jpa.autoconfigure.JpaProperties'
2025-12-26 23:11:29 DEBUG o.s.b.f.s.DefaultListableBeanFactory - Creating shared instance of singleton bean 'openEntityManagerInViewInterceptor'
2025-12-26 23:11:29 WARN  o.s.b.j.a.JpaBaseConfiguration$JpaWebConfiguration - spring.jpa.open-in-view is enabled by default. Therefore, database queries may be performed during view rendering. Explicitly configure spring.jpa.open-in-view to disable this warning
2025-12-26 23:11:29 DEBUG o.s.b.f.s.DefaultListableBeanFactory - Autowiring by type from bean name 'openEntityManagerInViewInterceptorConfigurer' via factory method to bean named 'openEntityManagerInViewInterceptor'
2025-12-26 23:11:29 DEBUG o.s.b.f.s.DefaultListableBeanFactory - Creating shared instance of singleton bean 'welcomePageHandlerMapping'
2025-12-26 23:11:29 DEBUG o.s.b.f.s.DefaultListableBeanFactory - Creating shared instance of singleton bean 'mvcConversionService'
2025-12-26 23:11:29 DEBUG o.s.b.f.s.DefaultListableBeanFactory - Creating shared instance of singleton bean 'mvcResourceUrlProvider'
2025-12-26 23:11:29 DEBUG o.s.b.f.s.DefaultListableBeanFactory - Autowiring by type from bean name 'welcomePageHandlerMapping' via factory method to bean named 'org.springframework.boot.web.server.servlet.context.AnnotationConfigServletWebServerApplicationContext@157557ec'
2025-12-26 23:11:29 DEBUG o.s.b.f.s.DefaultListableBeanFactory - Autowiring by type from bean name 'welcomePageHandlerMapping' via factory method to bean named 'mvcConversionService'
2025-12-26 23:11:29 DEBUG o.s.b.f.s.DefaultListableBeanFactory - Autowiring by type from bean name 'welcomePageHandlerMapping' via factory method to bean named 'mvcResourceUrlProvider'
2025-12-26 23:11:29 DEBUG o.s.b.f.s.DefaultListableBeanFactory - Creating shared instance of singleton bean 'welcomePageNotAcceptableHandlerMapping'
2025-12-26 23:11:29 DEBUG o.s.b.f.s.DefaultListableBeanFactory - Autowiring by type from bean name 'welcomePageNotAcceptableHandlerMapping' via factory method to bean named 'org.springframework.boot.web.server.servlet.context.AnnotationConfigServletWebServerApplicationContext@157557ec'
2025-12-26 23:11:29 DEBUG o.s.b.f.s.DefaultListableBeanFactory - Autowiring by type from bean name 'welcomePageNotAcceptableHandlerMapping' via factory method to bean named 'mvcConversionService'
2025-12-26 23:11:29 DEBUG o.s.b.f.s.DefaultListableBeanFactory - Autowiring by type from bean name 'welcomePageNotAcceptableHandlerMapping' via factory method to bean named 'mvcResourceUrlProvider'
2025-12-26 23:11:29 DEBUG o.s.b.f.s.DefaultListableBeanFactory - Creating shared instance of singleton bean 'localeResolver'
2025-12-26 23:11:29 DEBUG o.s.b.f.s.DefaultListableBeanFactory - Creating shared instance of singleton bean 'flashMapManager'
2025-12-26 23:11:29 DEBUG o.s.b.f.s.DefaultListableBeanFactory - Creating shared instance of singleton bean 'viewNameTranslator'
2025-12-26 23:11:29 DEBUG o.s.b.f.s.DefaultListableBeanFactory - Creating shared instance of singleton bean 'mvcValidator'
2025-12-26 23:11:29 DEBUG o.s.b.f.s.DefaultListableBeanFactory - Creating shared instance of singleton bean 'requestMappingHandlerMapping'
2025-12-26 23:11:29 DEBUG o.s.b.f.s.DefaultListableBeanFactory - Creating shared instance of singleton bean 'mvcContentNegotiationManager'
2025-12-26 23:11:29 DEBUG o.s.b.f.s.DefaultListableBeanFactory - Creating shared instance of singleton bean 'stringHttpMessageConvertersCustomizer'
2025-12-26 23:11:29 DEBUG o.s.b.f.s.DefaultListableBeanFactory - Creating shared instance of singleton bean 'org.springframework.boot.http.converter.autoconfigure.HttpMessageConvertersAutoConfiguration$StringHttpMessageConverterConfiguration'
2025-12-26 23:11:29 DEBUG o.s.b.f.s.DefaultListableBeanFactory - Creating shared instance of singleton bean 'spring.http.converters-org.springframework.boot.http.converter.autoconfigure.HttpMessageConvertersProperties'
2025-12-26 23:11:29 DEBUG o.s.b.f.s.DefaultListableBeanFactory - Autowiring by type from bean name 'stringHttpMessageConvertersCustomizer' via factory method to bean named 'spring.http.converters-org.springframework.boot.http.converter.autoconfigure.HttpMessageConvertersProperties'
2025-12-26 23:11:29 DEBUG o.s.b.f.s.DefaultListableBeanFactory - Creating shared instance of singleton bean 'jacksonJsonHttpMessageConvertersCustomizer'
2025-12-26 23:11:29 DEBUG o.s.b.f.s.DefaultListableBeanFactory - Creating shared instance of singleton bean 'org.springframework.boot.http.converter.autoconfigure.JacksonHttpMessageConvertersConfiguration$JacksonJsonHttpMessageConverterConfiguration'
2025-12-26 23:11:29 DEBUG o.s.b.f.s.DefaultListableBeanFactory - Creating shared instance of singleton bean 'jacksonJsonMapper'
2025-12-26 23:11:29 DEBUG o.s.b.f.s.DefaultListableBeanFactory - Creating shared instance of singleton bean 'org.springframework.boot.jackson.autoconfigure.JacksonAutoConfiguration'
2025-12-26 23:11:29 DEBUG o.s.b.f.s.DefaultListableBeanFactory - Creating shared instance of singleton bean 'problemDetailJsonMapperBuilderCustomizer'
2025-12-26 23:11:29 DEBUG o.s.b.f.s.DefaultListableBeanFactory - Creating shared instance of singleton bean 'org.springframework.boot.jackson.autoconfigure.JacksonAutoConfiguration$JsonProblemDetailsConfiguration'
2025-12-26 23:11:29 DEBUG o.s.b.f.s.DefaultListableBeanFactory - Creating shared instance of singleton bean 'standardJsonMapperBuilderCustomizer'
2025-12-26 23:11:29 DEBUG o.s.b.f.s.DefaultListableBeanFactory - Creating shared instance of singleton bean 'org.springframework.boot.jackson.autoconfigure.JacksonAutoConfiguration$JacksonJsonMapperBuilderCustomizerConfiguration'
2025-12-26 23:11:29 DEBUG o.s.b.f.s.DefaultListableBeanFactory - Creating shared instance of singleton bean 'spring.jackson-org.springframework.boot.jackson.autoconfigure.JacksonProperties'
2025-12-26 23:11:29 DEBUG o.s.b.f.s.DefaultListableBeanFactory - Autowiring by type from bean name 'standardJsonMapperBuilderCustomizer' via factory method to bean named 'spring.jackson-org.springframework.boot.jackson.autoconfigure.JacksonProperties'
2025-12-26 23:11:29 DEBUG o.s.b.f.s.DefaultListableBeanFactory - Creating shared instance of singleton bean 'jackson3GeoModule'
2025-12-26 23:11:29 DEBUG o.s.b.f.s.DefaultListableBeanFactory - Creating shared instance of singleton bean 'org.springframework.data.web.config.SpringDataJackson3Configuration'
2025-12-26 23:11:29 DEBUG o.s.b.f.s.DefaultListableBeanFactory - Creating shared instance of singleton bean 'springDataWebSettings'
2025-12-26 23:11:29 DEBUG o.s.b.f.s.DefaultListableBeanFactory - Creating shared instance of singleton bean 'org.springframework.boot.data.autoconfigure.web.DataWebAutoConfiguration'
2025-12-26 23:11:29 DEBUG o.s.b.f.s.DefaultListableBeanFactory - Creating shared instance of singleton bean 'spring.data.web-org.springframework.boot.data.autoconfigure.web.DataWebProperties'
2025-12-26 23:11:29 DEBUG o.s.b.f.s.DefaultListableBeanFactory - Autowiring by type from bean name 'org.springframework.boot.data.autoconfigure.web.DataWebAutoConfiguration' via constructor to bean named 'spring.data.web-org.springframework.boot.data.autoconfigure.web.DataWebProperties'
2025-12-26 23:11:29 DEBUG o.s.b.f.s.DefaultListableBeanFactory - Creating shared instance of singleton bean 'jackson3pageModule'
2025-12-26 23:11:29 DEBUG o.s.b.f.s.DefaultListableBeanFactory - Creating shared instance of singleton bean 'jacksonMixinModule'
2025-12-26 23:11:29 DEBUG o.s.b.f.s.DefaultListableBeanFactory - Creating shared instance of singleton bean 'org.springframework.boot.jackson.autoconfigure.JacksonAutoConfiguration$JacksonMixinConfiguration'
2025-12-26 23:11:29 DEBUG o.s.b.f.s.DefaultListableBeanFactory - Creating shared instance of singleton bean 'jacksonMixinModuleEntries'
2025-12-26 23:11:29 DEBUG o.s.b.f.s.DefaultListableBeanFactory - Autowiring by type from bean name 'jacksonMixinModuleEntries' via factory method to bean named 'org.springframework.boot.web.server.servlet.context.AnnotationConfigServletWebServerApplicationContext@157557ec'
2025-12-26 23:11:29 DEBUG o.s.b.f.s.DefaultListableBeanFactory - Autowiring by type from bean name 'jacksonMixinModule' via factory method to bean named 'org.springframework.boot.web.server.servlet.context.AnnotationConfigServletWebServerApplicationContext@157557ec'
2025-12-26 23:11:29 DEBUG o.s.b.f.s.DefaultListableBeanFactory - Autowiring by type from bean name 'jacksonMixinModule' via factory method to bean named 'jacksonMixinModuleEntries'
2025-12-26 23:11:29 DEBUG o.s.b.f.s.DefaultListableBeanFactory - Creating shared instance of singleton bean 'jsonComponentModule'
2025-12-26 23:11:29 DEBUG o.s.b.f.s.DefaultListableBeanFactory - Autowiring by type from bean name 'jsonMapperBuilder' via factory method to bean named 'problemDetailJsonMapperBuilderCustomizer'
2025-12-26 23:11:29 DEBUG o.s.b.f.s.DefaultListableBeanFactory - Autowiring by type from bean name 'jsonMapperBuilder' via factory method to bean named 'standardJsonMapperBuilderCustomizer'
2025-12-26 23:11:29 DEBUG o.s.b.f.s.DefaultListableBeanFactory - Autowiring by type from bean name 'jacksonJsonMapper' via factory method to bean named 'jsonMapperBuilder'
2025-12-26 23:11:29 DEBUG o.s.b.f.s.DefaultListableBeanFactory - Autowiring by type from bean name 'jacksonJsonHttpMessageConvertersCustomizer' via factory method to bean named 'jacksonJsonMapper'
2025-12-26 23:11:29 DEBUG o.s.b.f.s.DefaultListableBeanFactory - Creating shared instance of singleton bean 'serverConvertersCustomizer'
2025-12-26 23:11:29 DEBUG o.s.b.f.s.DefaultListableBeanFactory - Creating shared instance of singleton bean 'org.springframework.boot.http.converter.autoconfigure.HttpMessageConvertersAutoConfiguration'
2025-12-26 23:11:29 DEBUG o.s.b.f.s.DefaultListableBeanFactory - Creating shared instance of singleton bean 'mvcApiVersionStrategy'
2025-12-26 23:11:29 DEBUG o.s.o.j.LocalContainerEntityManagerFactoryBean - Building JPA container EntityManagerFactory for persistence unit 'default'
2025-12-26 23:11:29 DEBUG o.s.b.f.s.DefaultListableBeanFactory - Autowiring by type from bean name 'requestMappingHandlerMapping' via factory method to bean named 'mvcContentNegotiationManager'
2025-12-26 23:11:29 DEBUG o.s.b.f.s.DefaultListableBeanFactory - Autowiring by type from bean name 'requestMappingHandlerMapping' via factory method to bean named 'mvcApiVersionStrategy'
2025-12-26 23:11:29 DEBUG o.s.b.f.s.DefaultListableBeanFactory - Autowiring by type from bean name 'requestMappingHandlerMapping' via factory method to bean named 'mvcConversionService'
2025-12-26 23:11:29 DEBUG o.s.b.f.s.DefaultListableBeanFactory - Autowiring by type from bean name 'requestMappingHandlerMapping' via factory method to bean named 'mvcResourceUrlProvider'
2025-12-26 23:11:29 DEBUG _.s.w.s.H.Mappings - 
	c.p.p.p.c.AuditController:
	{GET [/audit/posts/{postId}]}: getPostRevisions(Long)
2025-12-26 23:11:29 DEBUG _.s.w.s.H.Mappings - 
	c.p.p.p.c.PostController:
	{GET [/posts]}: getAllPosts()
	{POST [/posts]}: createNewPost(PostDto)
	{GET [/posts/{postId}]}: getPostById(Long)
	{PUT [/posts/{postId}]}: updatePost(PostDto,Long)
2025-12-26 23:11:29 DEBUG _.s.w.s.H.Mappings - 
	o.s.b.w.a.e.BasicErrorController:
	{ [/error], produces [text/html]}: errorHtml(HttpServletRequest,HttpServletResponse)
	{ [/error]}: error(HttpServletRequest)
2025-12-26 23:11:29 DEBUG o.s.w.s.m.m.a.RequestMappingHandlerMapping - 7 mappings in 'requestMappingHandlerMapping'
2025-12-26 23:11:29 DEBUG o.s.b.f.s.DefaultListableBeanFactory - Creating shared instance of singleton bean 'mvcPatternParser'
2025-12-26 23:11:29 DEBUG o.s.b.f.s.DefaultListableBeanFactory - Creating shared instance of singleton bean 'mvcUrlPathHelper'
2025-12-26 23:11:29 DEBUG o.s.b.f.s.DefaultListableBeanFactory - Creating shared instance of singleton bean 'mvcPathMatcher'
2025-12-26 23:11:29 DEBUG o.s.b.f.s.DefaultListableBeanFactory - Creating shared instance of singleton bean 'viewControllerHandlerMapping'
2025-12-26 23:11:29 DEBUG o.s.b.f.s.DefaultListableBeanFactory - Autowiring by type from bean name 'viewControllerHandlerMapping' via factory method to bean named 'mvcConversionService'
2025-12-26 23:11:29 DEBUG o.s.b.f.s.DefaultListableBeanFactory - Autowiring by type from bean name 'viewControllerHandlerMapping' via factory method to bean named 'mvcResourceUrlProvider'
2025-12-26 23:11:29 DEBUG o.s.b.f.s.DefaultListableBeanFactory - Creating shared instance of singleton bean 'beanNameHandlerMapping'
2025-12-26 23:11:29 DEBUG o.s.b.f.s.DefaultListableBeanFactory - Autowiring by type from bean name 'beanNameHandlerMapping' via factory method to bean named 'mvcConversionService'
2025-12-26 23:11:29 DEBUG o.s.b.f.s.DefaultListableBeanFactory - Autowiring by type from bean name 'beanNameHandlerMapping' via factory method to bean named 'mvcResourceUrlProvider'
2025-12-26 23:11:29 DEBUG _.s.w.s.H.Mappings - 'beanNameHandlerMapping' {}
2025-12-26 23:11:29 DEBUG o.s.b.f.s.DefaultListableBeanFactory - Creating shared instance of singleton bean 'routerFunctionMapping'
2025-12-26 23:11:29 DEBUG o.s.b.f.s.DefaultListableBeanFactory - Autowiring by type from bean name 'routerFunctionMapping' via factory method to bean named 'mvcConversionService'
2025-12-26 23:11:29 DEBUG o.s.b.f.s.DefaultListableBeanFactory - Autowiring by type from bean name 'routerFunctionMapping' via factory method to bean named 'mvcResourceUrlProvider'
2025-12-26 23:11:29 DEBUG o.s.b.f.s.DefaultListableBeanFactory - Autowiring by type from bean name 'routerFunctionMapping' via factory method to bean named 'mvcApiVersionStrategy'
2025-12-26 23:11:29 DEBUG o.s.b.f.s.DefaultListableBeanFactory - Creating shared instance of singleton bean 'resourceHandlerMapping'
2025-12-26 23:11:29 DEBUG o.s.b.f.s.DefaultListableBeanFactory - Autowiring by type from bean name 'resourceHandlerMapping' via factory method to bean named 'mvcContentNegotiationManager'
2025-12-26 23:11:29 DEBUG o.s.b.f.s.DefaultListableBeanFactory - Autowiring by type from bean name 'resourceHandlerMapping' via factory method to bean named 'mvcConversionService'
2025-12-26 23:11:29 DEBUG o.s.b.f.s.DefaultListableBeanFactory - Autowiring by type from bean name 'resourceHandlerMapping' via factory method to bean named 'mvcResourceUrlProvider'
2025-12-26 23:11:29 DEBUG _.s.w.s.H.Mappings - 'resourceHandlerMapping' {/webjars/**=ResourceHttpRequestHandler [classpath [META-INF/resources/webjars/]], /**=ResourceHttpRequestHandler [classpath [META-INF/resources/], classpath [resources/], classpath [static/], classpath [public/], ServletContext [/]]}
2025-12-26 23:11:29 DEBUG o.s.b.f.s.DefaultListableBeanFactory - Creating shared instance of singleton bean 'defaultServletHandlerMapping'
2025-12-26 23:11:29 DEBUG o.s.b.f.s.DefaultListableBeanFactory - Creating shared instance of singleton bean 'requestMappingHandlerAdapter'
2025-12-26 23:11:29 DEBUG o.s.b.f.s.DefaultListableBeanFactory - Autowiring by type from bean name 'requestMappingHandlerAdapter' via factory method to bean named 'mvcContentNegotiationManager'
2025-12-26 23:11:29 DEBUG o.s.b.f.s.DefaultListableBeanFactory - Autowiring by type from bean name 'requestMappingHandlerAdapter' via factory method to bean named 'mvcConversionService'
2025-12-26 23:11:29 DEBUG o.s.b.f.s.DefaultListableBeanFactory - Autowiring by type from bean name 'requestMappingHandlerAdapter' via factory method to bean named 'mvcValidator'
2025-12-26 23:11:29 DEBUG o.s.b.f.s.DefaultListableBeanFactory - Creating shared instance of singleton bean 'sortResolver'
2025-12-26 23:11:29 DEBUG o.s.b.f.s.DefaultListableBeanFactory - Creating shared instance of singleton bean 'sortCustomizer'
2025-12-26 23:11:29 DEBUG o.s.b.f.s.DefaultListableBeanFactory - Creating shared instance of singleton bean 'pageableResolver'
2025-12-26 23:11:29 DEBUG o.s.b.f.s.DefaultListableBeanFactory - Creating shared instance of singleton bean 'pageableCustomizer'
2025-12-26 23:11:29 DEBUG o.s.w.s.m.m.a.RequestMappingHandlerAdapter - ControllerAdvice beans: 0 @ModelAttribute, 0 @InitBinder, 1 RequestBodyAdvice, 1 ResponseBodyAdvice
2025-12-26 23:11:29 DEBUG o.s.b.f.s.DefaultListableBeanFactory - Creating shared instance of singleton bean 'mvcViewResolver'
2025-12-26 23:11:29 DEBUG o.s.b.f.s.DefaultListableBeanFactory - Autowiring by type from bean name 'mvcViewResolver' via factory method to bean named 'mvcContentNegotiationManager'
2025-12-26 23:11:29 DEBUG o.s.b.f.s.DefaultListableBeanFactory - Creating shared instance of singleton bean 'defaultViewResolver'
2025-12-26 23:11:29 DEBUG o.s.b.f.s.DefaultListableBeanFactory - Creating shared instance of singleton bean 'viewResolver'
2025-12-26 23:11:29 DEBUG o.s.b.f.s.DefaultListableBeanFactory - Autowiring by type from bean name 'viewResolver' via factory method to bean named 'org.springframework.beans.factory.support.DefaultListableBeanFactory@41a718e5'
2025-12-26 23:11:29 DEBUG o.s.b.f.s.DefaultListableBeanFactory - Creating shared instance of singleton bean 'viewResolver'
2025-12-26 23:11:29 DEBUG o.s.b.f.s.DefaultListableBeanFactory - Creating shared instance of singleton bean 'handlerFunctionAdapter'
2025-12-26 23:11:29 DEBUG o.s.b.f.s.DefaultListableBeanFactory - Creating shared instance of singleton bean 'mvcUriComponentsContributor'
2025-12-26 23:11:29 DEBUG o.j.logging - Logging Provider: org.jboss.logging.Slf4jLoggerProvider found via system property
2025-12-26 23:11:29 DEBUG o.s.b.f.s.DefaultListableBeanFactory - Autowiring by type from bean name 'mvcUriComponentsContributor' via factory method to bean named 'mvcConversionService'
2025-12-26 23:11:29 DEBUG o.s.b.f.s.DefaultListableBeanFactory - Autowiring by type from bean name 'mvcUriComponentsContributor' via factory method to bean named 'requestMappingHandlerAdapter'
2025-12-26 23:11:29 DEBUG o.s.b.f.s.DefaultListableBeanFactory - Creating shared instance of singleton bean 'httpRequestHandlerAdapter'
2025-12-26 23:11:29 DEBUG o.s.b.f.s.DefaultListableBeanFactory - Creating shared instance of singleton bean 'simpleControllerHandlerAdapter'
2025-12-26 23:11:29 DEBUG o.s.b.f.s.DefaultListableBeanFactory - Creating shared instance of singleton bean 'handlerExceptionResolver'
2025-12-26 23:11:29 DEBUG o.s.b.f.s.DefaultListableBeanFactory - Autowiring by type from bean name 'handlerExceptionResolver' via factory method to bean named 'mvcContentNegotiationManager'
2025-12-26 23:11:29 DEBUG o.s.w.s.m.m.a.ExceptionHandlerExceptionResolver - ControllerAdvice beans: 1 @ExceptionHandler, 1 ResponseBodyAdvice
2025-12-26 23:11:29 DEBUG o.s.b.f.s.DefaultListableBeanFactory - Creating shared instance of singleton bean 'org.springframework.boot.autoconfigure.aop.AopAutoConfiguration$AspectJAutoProxyingConfiguration$CglibAutoProxyConfiguration'
2025-12-26 23:11:29 DEBUG o.s.b.f.s.DefaultListableBeanFactory - Creating shared instance of singleton bean 'org.springframework.boot.autoconfigure.aop.AopAutoConfiguration$AspectJAutoProxyingConfiguration'
2025-12-26 23:11:29 DEBUG o.s.b.f.s.DefaultListableBeanFactory - Creating shared instance of singleton bean 'org.springframework.boot.autoconfigure.aop.AopAutoConfiguration'
2025-12-26 23:11:29 DEBUG o.s.b.f.s.DefaultListableBeanFactory - Creating shared instance of singleton bean 'org.springframework.boot.autoconfigure.availability.ApplicationAvailabilityAutoConfiguration'
2025-12-26 23:11:29 DEBUG o.s.b.f.s.DefaultListableBeanFactory - Creating shared instance of singleton bean 'applicationAvailability'
2025-12-26 23:11:29 DEBUG o.s.b.f.s.DefaultListableBeanFactory - Creating shared instance of singleton bean 'org.springframework.boot.autoconfigure.context.ConfigurationPropertiesAutoConfiguration'
2025-12-26 23:11:29 DEBUG o.s.b.f.s.DefaultListableBeanFactory - Creating shared instance of singleton bean 'org.springframework.boot.autoconfigure.context.LifecycleAutoConfiguration'
2025-12-26 23:11:29 DEBUG o.s.b.f.s.DefaultListableBeanFactory - Creating shared instance of singleton bean 'lifecycleProcessor'
2025-12-26 23:11:29 DEBUG o.s.b.f.s.DefaultListableBeanFactory - Creating shared instance of singleton bean 'spring.lifecycle-org.springframework.boot.autoconfigure.context.LifecycleProperties'
2025-12-26 23:11:29 DEBUG o.s.b.f.s.DefaultListableBeanFactory - Autowiring by type from bean name 'lifecycleProcessor' via factory method to bean named 'spring.lifecycle-org.springframework.boot.autoconfigure.context.LifecycleProperties'
2025-12-26 23:11:29 DEBUG o.s.b.f.s.DefaultListableBeanFactory - Creating shared instance of singleton bean 'org.springframework.boot.autoconfigure.info.ProjectInfoAutoConfiguration'
2025-12-26 23:11:29 DEBUG o.h.o.jpa - HHH008541: PersistenceUnitInfo [
	name: default
	persistence provider classname: null
	classloader: jdk.internal.loader.ClassLoaders$AppClassLoader@14dad5dc
	excludeUnlistedClasses: true
	JTA datasource: null
	Non JTA datasource: HikariDataSource (null)
	Transaction type: RESOURCE_LOCAL
	PU root URL: file:/Users/parthiv/Downloads/projection-ready-features/target/test-classes/
	Shared Cache Mode: UNSPECIFIED
	Validation Mode: AUTO
	Jar files URLs []
	Managed classes names [
		com.projects.parthiv.projection_ready_features.entities.AuditableEntity
		com.projects.parthiv.projection_ready_features.entities.PostEntity]
	Mapping files names []
	Properties []
2025-12-26 23:11:29 DEBUG o.s.b.f.s.DefaultListableBeanFactory - Creating shared instance of singleton bean 'spring.info-org.springframework.boot.autoconfigure.info.ProjectInfoProperties'
2025-12-26 23:11:29 DEBUG o.s.b.f.s.DefaultListableBeanFactory - Autowiring by type from bean name 'org.springframework.boot.autoconfigure.info.ProjectInfoAutoConfiguration' via constructor to bean named 'spring.info-org.springframework.boot.autoconfigure.info.ProjectInfoProperties'
2025-12-26 23:11:29 DEBUG o.s.b.f.s.DefaultListableBeanFactory - Creating shared instance of singleton bean 'org.springframework.boot.autoconfigure.task.TaskSchedulingConfigurations$ThreadPoolTaskSchedulerBuilderConfiguration'
2025-12-26 23:11:29 DEBUG o.s.b.f.s.DefaultListableBeanFactory - Creating shared instance of singleton bean 'threadPoolTaskSchedulerBuilder'
2025-12-26 23:11:29 DEBUG o.s.b.f.s.DefaultListableBeanFactory - Creating shared instance of singleton bean 'spring.task.scheduling-org.springframework.boot.autoconfigure.task.TaskSchedulingProperties'
2025-12-26 23:11:29 DEBUG o.s.b.f.s.DefaultListableBeanFactory - Autowiring by type from bean name 'threadPoolTaskSchedulerBuilder' via factory method to bean named 'spring.task.scheduling-org.springframework.boot.autoconfigure.task.TaskSchedulingProperties'
2025-12-26 23:11:29 DEBUG o.s.b.f.s.DefaultListableBeanFactory - Creating shared instance of singleton bean 'org.springframework.boot.autoconfigure.task.TaskSchedulingConfigurations$SimpleAsyncTaskSchedulerBuilderConfiguration'
2025-12-26 23:11:29 DEBUG o.s.b.f.s.DefaultListableBeanFactory - Autowiring by type from bean name 'org.springframework.boot.autoconfigure.task.TaskSchedulingConfigurations$SimpleAsyncTaskSchedulerBuilderConfiguration' via constructor to bean named 'spring.task.scheduling-org.springframework.boot.autoconfigure.task.TaskSchedulingProperties'
2025-12-26 23:11:29 DEBUG o.s.b.f.s.DefaultListableBeanFactory - Creating shared instance of singleton bean 'simpleAsyncTaskSchedulerBuilder'
2025-12-26 23:11:29 DEBUG o.s.b.f.s.DefaultListableBeanFactory - Creating shared instance of singleton bean 'org.springframework.boot.autoconfigure.task.TaskSchedulingAutoConfiguration'
2025-12-26 23:11:29 DEBUG o.s.b.f.s.DefaultListableBeanFactory - Creating shared instance of singleton bean 'org.springframework.data.web.config.ProjectingArgumentResolverRegistrar'
2025-12-26 23:11:29 DEBUG o.s.b.f.s.DefaultListableBeanFactory - Creating shared instance of singleton bean 'offsetResolver'
2025-12-26 23:11:29 DEBUG o.s.b.f.s.DefaultListableBeanFactory - Creating shared instance of singleton bean 'org.springframework.boot.transaction.jta.autoconfigure.JtaAutoConfiguration'
2025-12-26 23:11:29 DEBUG o.s.b.f.s.DefaultListableBeanFactory - Creating shared instance of singleton bean 'org.springframework.boot.jdbc.autoconfigure.DataSourcePoolMetadataProvidersConfiguration'
2025-12-26 23:11:29 DEBUG o.s.b.f.s.DefaultListableBeanFactory - Creating shared instance of singleton bean 'org.springframework.boot.jdbc.autoconfigure.DataSourceAutoConfiguration'
2025-12-26 23:11:29 DEBUG o.s.b.f.s.DefaultListableBeanFactory - Creating shared instance of singleton bean 'org.springframework.boot.transaction.autoconfigure.TransactionManagerCustomizationAutoConfiguration'
2025-12-26 23:11:29 DEBUG o.s.b.f.s.DefaultListableBeanFactory - Creating shared instance of singleton bean 'platformTransactionManagerCustomizers'
2025-12-26 23:11:29 DEBUG o.s.b.f.s.DefaultListableBeanFactory - Creating shared instance of singleton bean 'transactionExecutionListeners'
2025-12-26 23:11:29 DEBUG o.s.b.f.s.DefaultListableBeanFactory - Creating shared instance of singleton bean 'spring.transaction-org.springframework.boot.transaction.autoconfigure.TransactionProperties'
2025-12-26 23:11:29 DEBUG o.s.b.f.s.DefaultListableBeanFactory - Creating shared instance of singleton bean 'org.springframework.boot.jpa.autoconfigure.JpaBaseConfiguration$PersistenceManagedTypesConfiguration'
2025-12-26 23:11:29 DEBUG o.s.b.f.s.DefaultListableBeanFactory - Creating shared instance of singleton bean 'transactionManager'
2025-12-26 23:11:29 DEBUG o.s.b.f.s.DefaultListableBeanFactory - Creating shared instance of singleton bean 'org.springframework.boot.hibernate.autoconfigure.HibernateJpaAutoConfiguration'
2025-12-26 23:11:29 DEBUG o.s.b.f.s.DefaultListableBeanFactory - Creating shared instance of singleton bean 'org.springframework.boot.data.jpa.autoconfigure.DataJpaRepositoriesAutoConfiguration'
2025-12-26 23:11:29 DEBUG o.s.b.f.s.DefaultListableBeanFactory - Creating shared instance of singleton bean 'eagerJpaMetamodelCacheCleanup'
2025-12-26 23:11:29 DEBUG o.s.b.f.s.DefaultListableBeanFactory - Creating shared instance of singleton bean 'org.springframework.data.jpa.util.JpaMetamodelCacheCleanup'
2025-12-26 23:11:29 DEBUG o.s.b.f.s.DefaultListableBeanFactory - Creating shared instance of singleton bean 'org.springframework.data.jpa.repository.support.JpaEvaluationContextExtension'
2025-12-26 23:11:29 DEBUG o.s.b.f.s.DefaultListableBeanFactory - Creating shared instance of singleton bean 'data-jpa.repository-aot-processor#0'
2025-12-26 23:11:29 DEBUG o.s.b.f.s.DefaultListableBeanFactory - Creating shared instance of singleton bean 'org.springframework.boot.devtools.autoconfigure.DevToolsDataSourceAutoConfiguration$DatabaseShutdownExecutorEntityManagerFactoryDependsOnConfiguration'
2025-12-26 23:11:29 DEBUG o.s.b.f.s.DefaultListableBeanFactory - Creating shared instance of singleton bean 'org.springframework.boot.devtools.autoconfigure.LocalDevToolsAutoConfiguration$RestartConfiguration'
2025-12-26 23:11:29 DEBUG o.s.b.f.s.DefaultListableBeanFactory - Creating shared instance of singleton bean 'spring.devtools-org.springframework.boot.devtools.autoconfigure.DevToolsProperties'
2025-12-26 23:11:29 DEBUG o.s.b.f.s.DefaultListableBeanFactory - Autowiring by type from bean name 'org.springframework.boot.devtools.autoconfigure.LocalDevToolsAutoConfiguration$RestartConfiguration' via constructor to bean named 'spring.devtools-org.springframework.boot.devtools.autoconfigure.DevToolsProperties'
2025-12-26 23:11:29 DEBUG o.s.b.f.s.DefaultListableBeanFactory - Creating shared instance of singleton bean 'restartingClassPathChangedEventListener'
2025-12-26 23:11:29 DEBUG o.s.b.f.s.DefaultListableBeanFactory - Creating shared instance of singleton bean 'fileSystemWatcherFactory'
2025-12-26 23:11:29 DEBUG o.s.b.f.s.DefaultListableBeanFactory - Autowiring by type from bean name 'restartingClassPathChangedEventListener' via factory method to bean named 'fileSystemWatcherFactory'
2025-12-26 23:11:29 DEBUG o.s.b.f.s.DefaultListableBeanFactory - Creating shared instance of singleton bean 'classPathFileSystemWatcher'
2025-12-26 23:11:29 DEBUG o.s.b.f.s.DefaultListableBeanFactory - Creating shared instance of singleton bean 'classPathRestartStrategy'
2025-12-26 23:11:29 DEBUG o.s.b.f.s.DefaultListableBeanFactory - Autowiring by type from bean name 'classPathFileSystemWatcher' via factory method to bean named 'fileSystemWatcherFactory'
2025-12-26 23:11:29 DEBUG o.s.b.f.s.DefaultListableBeanFactory - Autowiring by type from bean name 'classPathFileSystemWatcher' via factory method to bean named 'classPathRestartStrategy'
2025-12-26 23:11:29 DEBUG o.s.b.f.s.DefaultListableBeanFactory - Creating shared instance of singleton bean 'conditionEvaluationDeltaLoggingListener'
2025-12-26 23:11:29 DEBUG o.s.b.f.s.DefaultListableBeanFactory - Creating shared instance of singleton bean 'org.springframework.boot.devtools.autoconfigure.LocalDevToolsAutoConfiguration'
2025-12-26 23:11:29 DEBUG o.s.b.f.s.DefaultListableBeanFactory - Creating shared instance of singleton bean 'org.springframework.boot.http.converter.autoconfigure.JacksonHttpMessageConvertersConfiguration'
2025-12-26 23:11:29 DEBUG o.s.b.f.s.DefaultListableBeanFactory - Creating shared instance of singleton bean 'org.springframework.boot.http.converter.autoconfigure.Jackson2HttpMessageConvertersConfiguration'
2025-12-26 23:11:29 DEBUG o.s.b.f.s.DefaultListableBeanFactory - Creating shared instance of singleton bean 'clientConvertersCustomizer'
2025-12-26 23:11:29 DEBUG o.s.b.f.s.DefaultListableBeanFactory - Creating shared instance of singleton bean 'org.springframework.boot.jdbc.autoconfigure.JdbcTemplateConfiguration'
2025-12-26 23:11:29 DEBUG o.s.b.f.s.DefaultListableBeanFactory - Creating shared instance of singleton bean 'jdbcTemplate'
2025-12-26 23:11:29 DEBUG o.s.b.f.s.DefaultListableBeanFactory - Creating shared instance of singleton bean 'spring.jdbc-org.springframework.boot.jdbc.autoconfigure.JdbcProperties'
2025-12-26 23:11:29 DEBUG o.s.b.f.s.DefaultListableBeanFactory - Autowiring by type from bean name 'jdbcTemplate' via factory method to bean named 'dataSource'
2025-12-26 23:11:29 DEBUG o.s.b.f.s.DefaultListableBeanFactory - Autowiring by type from bean name 'jdbcTemplate' via factory method to bean named 'spring.jdbc-org.springframework.boot.jdbc.autoconfigure.JdbcProperties'
2025-12-26 23:11:29 DEBUG o.s.b.f.s.DefaultListableBeanFactory - Creating shared instance of singleton bean 'org.springframework.boot.jdbc.autoconfigure.NamedParameterJdbcTemplateConfiguration'
2025-12-26 23:11:29 DEBUG o.s.b.f.s.DefaultListableBeanFactory - Creating shared instance of singleton bean 'namedParameterJdbcTemplate'
2025-12-26 23:11:29 DEBUG o.s.b.f.s.DefaultListableBeanFactory - Autowiring by type from bean name 'namedParameterJdbcTemplate' via factory method to bean named 'jdbcTemplate'
2025-12-26 23:11:29 DEBUG o.s.b.f.s.DefaultListableBeanFactory - Creating shared instance of singleton bean 'org.springframework.boot.jdbc.autoconfigure.JdbcTemplateAutoConfiguration'
2025-12-26 23:11:29 DEBUG o.s.b.f.s.DefaultListableBeanFactory - Creating shared instance of singleton bean 'org.springframework.boot.jdbc.autoconfigure.JdbcClientAutoConfiguration'
2025-12-26 23:11:29 DEBUG o.s.b.f.s.DefaultListableBeanFactory - Creating shared instance of singleton bean 'jdbcClient'
2025-12-26 23:11:29 DEBUG o.s.b.f.s.DefaultListableBeanFactory - Autowiring by type from bean name 'jdbcClient' via factory method to bean named 'namedParameterJdbcTemplate'
2025-12-26 23:11:29 DEBUG o.s.b.f.s.DefaultListableBeanFactory - Creating shared instance of singleton bean 'org.springframework.boot.persistence.autoconfigure.PersistenceExceptionTranslationAutoConfiguration'
2025-12-26 23:11:29 DEBUG o.s.b.f.s.DefaultListableBeanFactory - Creating shared instance of singleton bean 'multipartResolver'
2025-12-26 23:11:29 DEBUG o.s.b.f.s.DefaultListableBeanFactory - Creating shared instance of singleton bean 'org.springframework.boot.jdbc.autoconfigure.DataSourceTransactionManagerAutoConfiguration$JdbcTransactionManagerConfiguration'
2025-12-26 23:11:29 DEBUG o.s.b.f.s.DefaultListableBeanFactory - Creating shared instance of singleton bean 'org.springframework.boot.jdbc.autoconfigure.DataSourceTransactionManagerAutoConfiguration'
2025-12-26 23:11:29 DEBUG o.s.b.f.s.DefaultListableBeanFactory - Creating shared instance of singleton bean 'org.springframework.boot.transaction.autoconfigure.TransactionAutoConfiguration$EnableTransactionManagementConfiguration$CglibAutoProxyConfiguration'
2025-12-26 23:11:29 DEBUG o.s.b.f.s.DefaultListableBeanFactory - Creating shared instance of singleton bean 'org.springframework.boot.transaction.autoconfigure.TransactionAutoConfiguration$EnableTransactionManagementConfiguration'
2025-12-26 23:11:29 DEBUG o.s.b.f.s.DefaultListableBeanFactory - Creating shared instance of singleton bean 'org.springframework.boot.transaction.autoconfigure.TransactionAutoConfiguration$TransactionTemplateConfiguration'
2025-12-26 23:11:29 DEBUG o.s.b.f.s.DefaultListableBeanFactory - Creating shared instance of singleton bean 'transactionTemplate'
2025-12-26 23:11:29 DEBUG o.s.b.f.s.DefaultListableBeanFactory - Autowiring by type from bean name 'transactionTemplate' via factory method to bean named 'transactionManager'
2025-12-26 23:11:29 DEBUG o.s.b.f.s.DefaultListableBeanFactory - Creating shared instance of singleton bean 'org.springframework.boot.transaction.autoconfigure.TransactionAutoConfiguration'
2025-12-26 23:11:29 DEBUG o.s.c.s.DefaultLifecycleProcessor - Starting beans in phase -2147483647
2025-12-26 23:11:29 DEBUG o.s.c.s.DefaultLifecycleProcessor - Successfully started bean 'springBootLoggingLifecycle'
2025-12-26 23:11:29 DEBUG o.s.c.s.DefaultLifecycleProcessor - Starting beans in phase 1073741823
2025-12-26 23:11:29 DEBUG o.s.c.s.DefaultLifecycleProcessor - Starting beans in phase 2147481599
2025-12-26 23:11:29 INFO  o.s.b.t.TomcatWebServer - Tomcat started on port 9000 (http) with context path '/'
2025-12-26 23:11:29 DEBUG o.s.c.s.DefaultLifecycleProcessor - Successfully started bean 'webServerStartStop'
2025-12-26 23:11:29 DEBUG o.s.c.s.DefaultLifecycleProcessor - Starting beans in phase 2147482623
2025-12-26 23:11:29 DEBUG o.s.c.s.DefaultLifecycleProcessor - Successfully started bean 'webServerGracefulShutdown'
2025-12-26 23:11:29 DEBUG o.s.b.a.l.ConditionEvaluationReportLogger - 


============================
CONDITIONS EVALUATION REPORT
============================


Positive matches:
-----------------

   AopAutoConfiguration matched:
      - @ConditionalOnBooleanProperty (spring.aop.auto=true) matched (OnPropertyCondition)

   AopAutoConfiguration.AspectJAutoProxyingConfiguration matched:
      - @ConditionalOnClass found required class 'org.aspectj.weaver.Advice' (OnClassCondition)

   AopAutoConfiguration.AspectJAutoProxyingConfiguration.CglibAutoProxyConfiguration matched:
      - @ConditionalOnBooleanProperty (spring.aop.proxy-target-class=true) matched (OnPropertyCondition)

   ApplicationAvailabilityAutoConfiguration#applicationAvailability matched:
      - @ConditionalOnMissingBean (types: org.springframework.boot.availability.ApplicationAvailability; SearchStrategy: all) did not find any beans (OnBeanCondition)

   DataJpaRepositoriesAutoConfiguration matched:
      - @ConditionalOnClass found required class 'org.springframework.data.jpa.repository.JpaRepository' (OnClassCondition)
      - @ConditionalOnBooleanProperty (spring.data.jpa.repositories.enabled=true) matched (OnPropertyCondition)
      - @ConditionalOnBean (types: javax.sql.DataSource; SearchStrategy: all) found bean 'dataSource'; @ConditionalOnMissingBean (types: org.springframework.data.jpa.repository.support.JpaRepositoryFactoryBean,org.springframework.data.jpa.repository.config.JpaRepositoryConfigExtension; SearchStrategy: all) did not find any beans (OnBeanCondition)

   DataSourceAutoConfiguration matched:
      - @ConditionalOnClass found required classes 'javax.sql.DataSource', 'org.springframework.jdbc.datasource.embedded.EmbeddedDatabaseType' (OnClassCondition)
      - @ConditionalOnMissingBean (types: ?; SearchStrategy: all) did not find any beans (OnBeanCondition)

   DataSourceAutoConfiguration.PooledDataSourceConfiguration matched:
      - AnyNestedCondition 1 matched 1 did not; NestedCondition on DataSourceAutoConfiguration.PooledDataSourceCondition.PooledDataSourceAvailable PooledDataSource found supported DataSource; NestedCondition on DataSourceAutoConfiguration.PooledDataSourceCondition.ExplicitType @ConditionalOnProperty (spring.datasource.type) did not find property 'spring.datasource.type' (DataSourceAutoConfiguration.PooledDataSourceCondition)
      - @ConditionalOnMissingBean (types: javax.sql.DataSource,javax.sql.XADataSource; SearchStrategy: all) did not find any beans (OnBeanCondition)

   DataSourceAutoConfiguration.PooledDataSourceConfiguration#jdbcConnectionDetails matched:
      - @ConditionalOnMissingBean (types: org.springframework.boot.jdbc.autoconfigure.JdbcConnectionDetails; SearchStrategy: all) did not find any beans (OnBeanCondition)

   DataSourceConfiguration.Hikari matched:
      - @ConditionalOnClass found required class 'com.zaxxer.hikari.HikariDataSource' (OnClassCondition)
      - @ConditionalOnProperty (spring.datasource.type=com.zaxxer.hikari.HikariDataSource) matched (OnPropertyCondition)
      - @ConditionalOnMissingBean (types: javax.sql.DataSource; SearchStrategy: all) did not find any beans (OnBeanCondition)

   DataSourceInitializationAutoConfiguration matched:
      - @ConditionalOnClass found required class 'org.springframework.jdbc.datasource.init.DatabasePopulator' (OnClassCondition)
      - SQL InitializationDatabase Initialization default value is EMBEDDED (OnSqlInitializationCondition)
      - @ConditionalOnSingleCandidate (types: javax.sql.DataSource; SearchStrategy: all) found a single bean 'dataSource'; @ConditionalOnMissingBean (types: org.springframework.boot.sql.autoconfigure.init.ApplicationScriptDatabaseInitializer; SearchStrategy: all) did not find any beans (OnBeanCondition)

   DataSourcePoolMetadataProvidersConfiguration.HikariPoolDataSourceMetadataProviderConfiguration matched:
      - @ConditionalOnClass found required class 'com.zaxxer.hikari.HikariDataSource' (OnClassCondition)

   DataSourceTransactionManagerAutoConfiguration matched:
      - @ConditionalOnClass found required classes 'javax.sql.DataSource', 'org.springframework.jdbc.core.JdbcTemplate', 'org.springframework.transaction.TransactionManager' (OnClassCondition)

   DataSourceTransactionManagerAutoConfiguration.JdbcTransactionManagerConfiguration matched:
      - @ConditionalOnSingleCandidate (types: javax.sql.DataSource; SearchStrategy: all) found a single bean 'dataSource' (OnBeanCondition)

   DataWebAutoConfiguration matched:
      - @ConditionalOnClass found required classes 'org.springframework.data.web.PageableHandlerMethodArgumentResolver', 'org.springframework.web.servlet.config.annotation.WebMvcConfigurer' (OnClassCondition)
      - found 'session' scope (OnWebApplicationCondition)
      - @ConditionalOnMissingBean (types: org.springframework.data.web.PageableHandlerMethodArgumentResolver; SearchStrategy: all) did not find any beans (OnBeanCondition)

   DataWebAutoConfiguration#pageableCustomizer matched:
      - @ConditionalOnMissingBean (types: org.springframework.data.web.config.PageableHandlerMethodArgumentResolverCustomizer; SearchStrategy: all) did not find any beans (OnBeanCondition)

   DataWebAutoConfiguration#sortCustomizer matched:
      - @ConditionalOnMissingBean (types: org.springframework.data.web.config.SortHandlerMethodArgumentResolverCustomizer; SearchStrategy: all) did not find any beans (OnBeanCondition)

   DataWebAutoConfiguration#springDataWebSettings matched:
      - @ConditionalOnMissingBean (types: org.springframework.data.web.config.SpringDataWebSettings; SearchStrategy: all) did not find any beans (OnBeanCondition)

   DevToolsDataSourceAutoConfiguration matched:
      - @ConditionalOnClass found required class 'javax.sql.DataSource' (OnClassCondition)
      - Devtools devtools enabled. (OnEnabledDevToolsCondition)
      - DevTools DataSource Condition found auto-configured DataSource (DevToolsDataSourceAutoConfiguration.DevToolsDataSourceCondition)

   DevToolsDataSourceAutoConfiguration.DatabaseShutdownExecutorEntityManagerFactoryDependsOnConfiguration matched:
      - @ConditionalOnClass found required classes 'org.springframework.boot.jpa.autoconfigure.EntityManagerFactoryDependsOnPostProcessor', 'org.springframework.orm.jpa.LocalContainerEntityManagerFactoryBean' (OnClassCondition)
      - @ConditionalOnBean (types: org.springframework.orm.jpa.AbstractEntityManagerFactoryBean; SearchStrategy: all) found bean '&entityManagerFactory' (OnBeanCondition)

   DispatcherServletAutoConfiguration matched:
      - @ConditionalOnClass found required class 'org.springframework.web.servlet.DispatcherServlet' (OnClassCondition)
      - found 'session' scope (OnWebApplicationCondition)

   DispatcherServletAutoConfiguration.DispatcherServletConfiguration matched:
      - @ConditionalOnClass found required class 'jakarta.servlet.ServletRegistration' (OnClassCondition)
      - Default DispatcherServlet did not find dispatcher servlet beans (DispatcherServletAutoConfiguration.DefaultDispatcherServletCondition)

   DispatcherServletAutoConfiguration.DispatcherServletRegistrationConfiguration matched:
      - @ConditionalOnClass found required class 'jakarta.servlet.ServletRegistration' (OnClassCondition)
      - DispatcherServlet Registration did not find servlet registration bean (DispatcherServletAutoConfiguration.DispatcherServletRegistrationCondition)

   DispatcherServletAutoConfiguration.DispatcherServletRegistrationConfiguration#dispatcherServletRegistration matched:
      - @ConditionalOnBean (names: dispatcherServlet types: org.springframework.web.servlet.DispatcherServlet; SearchStrategy: all) found bean 'dispatcherServlet' (OnBeanCondition)

   ErrorMvcAutoConfiguration matched:
      - @ConditionalOnClass found required classes 'jakarta.servlet.Servlet', 'org.springframework.web.servlet.DispatcherServlet' (OnClassCondition)
      - found 'session' scope (OnWebApplicationCondition)

   ErrorMvcAutoConfiguration#basicErrorController matched:
      - @ConditionalOnMissingBean (types: org.springframework.boot.webmvc.error.ErrorController; SearchStrategy: current) did not find any beans (OnBeanCondition)

   ErrorMvcAutoConfiguration#errorAttributes matched:
      - @ConditionalOnMissingBean (types: org.springframework.boot.webmvc.error.ErrorAttributes; SearchStrategy: current) did not find any beans (OnBeanCondition)

   ErrorMvcAutoConfiguration.DefaultErrorViewResolverConfiguration#conventionErrorViewResolver matched:
      - @ConditionalOnBean (types: org.springframework.web.servlet.DispatcherServlet; SearchStrategy: all) found bean 'dispatcherServlet'; @ConditionalOnMissingBean (types: org.springframework.boot.webmvc.autoconfigure.error.ErrorViewResolver; SearchStrategy: all) did not find any beans (OnBeanCondition)

   ErrorMvcAutoConfiguration.WhitelabelErrorViewConfiguration matched:
      - @ConditionalOnBooleanProperty (spring.web.error.whitelabel.enabled=true) matched (OnPropertyCondition)
      - ErrorTemplate Missing did not find error template view (ErrorMvcAutoConfiguration.ErrorTemplateMissingCondition)

   ErrorMvcAutoConfiguration.WhitelabelErrorViewConfiguration#beanNameViewResolver matched:
      - @ConditionalOnMissingBean (types: org.springframework.web.servlet.view.BeanNameViewResolver; SearchStrategy: all) did not find any beans (OnBeanCondition)

   ErrorMvcAutoConfiguration.WhitelabelErrorViewConfiguration#defaultErrorView matched:
      - @ConditionalOnMissingBean (names: error; SearchStrategy: all) did not find any beans (OnBeanCondition)

   HibernateJpaAutoConfiguration matched:
      - @ConditionalOnClass found required classes 'org.springframework.orm.jpa.LocalContainerEntityManagerFactoryBean', 'jakarta.persistence.EntityManager', 'org.hibernate.engine.spi.SessionImplementor' (OnClassCondition)

   HibernateJpaConfiguration matched:
      - @ConditionalOnSingleCandidate (types: javax.sql.DataSource; SearchStrategy: all) found a single bean 'dataSource' (OnBeanCondition)

   HttpEncodingAutoConfiguration matched:
      - @ConditionalOnClass found required class 'org.springframework.web.filter.CharacterEncodingFilter' (OnClassCondition)
      - found 'session' scope (OnWebApplicationCondition)
      - @ConditionalOnBooleanProperty (spring.servlet.encoding.enabled=true) matched (OnPropertyCondition)

   HttpEncodingAutoConfiguration#characterEncodingFilter matched:
      - @ConditionalOnMissingBean (types: org.springframework.web.filter.CharacterEncodingFilter; SearchStrategy: all) did not find any beans (OnBeanCondition)

   HttpMessageConvertersAutoConfiguration matched:
      - @ConditionalOnClass found required class 'org.springframework.http.converter.HttpMessageConverter' (OnClassCondition)
      - NoneNestedConditions 0 matched 1 did not; NestedCondition on HttpMessageConvertersAutoConfiguration.NotReactiveWebApplicationCondition.ReactiveWebApplication did not find reactive web application classes (HttpMessageConvertersAutoConfiguration.NotReactiveWebApplicationCondition)

   HttpMessageConvertersAutoConfiguration.StringHttpMessageConverterConfiguration#stringHttpMessageConvertersCustomizer matched:
      - @ConditionalOnMissingBean (types: org.springframework.http.converter.StringHttpMessageConverter; SearchStrategy: all) did not find any beans (OnBeanCondition)

   JacksonAutoConfiguration matched:
      - @ConditionalOnClass found required class 'tools.jackson.databind.json.JsonMapper' (OnClassCondition)

   JacksonAutoConfiguration#jacksonJsonMapper matched:
      - @ConditionalOnMissingBean (types: tools.jackson.databind.json.JsonMapper; SearchStrategy: all) did not find any beans (OnBeanCondition)

   JacksonAutoConfiguration#jsonMapperBuilder matched:
      - @ConditionalOnMissingBean (types: tools.jackson.databind.json.JsonMapper$Builder; SearchStrategy: all) did not find any beans (OnBeanCondition)

   JacksonAutoConfiguration.JsonProblemDetailsConfiguration matched:
      - @ConditionalOnClass found required class 'org.springframework.http.ProblemDetail' (OnClassCondition)

   JacksonHttpMessageConvertersConfiguration.JacksonJsonHttpMessageConverterConfiguration matched:
      - @ConditionalOnClass found required class 'tools.jackson.databind.json.JsonMapper' (OnClassCondition)
      - @ConditionalOnProperty (spring.http.converters.preferred-json-mapper=jackson) matched (OnPropertyCondition)
      - @ConditionalOnBean (types: tools.jackson.databind.json.JsonMapper; SearchStrategy: all) found bean 'jacksonJsonMapper' (OnBeanCondition)

   JacksonHttpMessageConvertersConfiguration.JacksonJsonHttpMessageConverterConfiguration#jacksonJsonHttpMessageConvertersCustomizer matched:
      - @ConditionalOnMissingBean (types: org.springframework.http.converter.json.JacksonJsonHttpMessageConverter ignored: ?; SearchStrategy: all) did not find any beans (OnBeanCondition)

   JdbcClientAutoConfiguration matched:
      - @ConditionalOnSingleCandidate (types: org.springframework.jdbc.core.namedparam.NamedParameterJdbcTemplate; SearchStrategy: all) found a single bean 'namedParameterJdbcTemplate'; @ConditionalOnMissingBean (types: org.springframework.jdbc.core.simple.JdbcClient; SearchStrategy: all) did not find any beans (OnBeanCondition)

   JdbcTemplateAutoConfiguration matched:
      - @ConditionalOnClass found required classes 'javax.sql.DataSource', 'org.springframework.jdbc.core.JdbcTemplate' (OnClassCondition)
      - @ConditionalOnSingleCandidate (types: javax.sql.DataSource; SearchStrategy: all) found a single bean 'dataSource' (OnBeanCondition)

   JdbcTemplateConfiguration matched:
      - @ConditionalOnMissingBean (types: org.springframework.jdbc.core.JdbcOperations; SearchStrategy: all) did not find any beans (OnBeanCondition)

   JpaBaseConfiguration#entityManagerFactory matched:
      - @ConditionalOnMissingBean (types: org.springframework.orm.jpa.LocalContainerEntityManagerFactoryBean,jakarta.persistence.EntityManagerFactory; SearchStrategy: all) did not find any beans (OnBeanCondition)

   JpaBaseConfiguration#entityManagerFactoryBuilder matched:
      - @ConditionalOnMissingBean (types: org.springframework.boot.jpa.EntityManagerFactoryBuilder; SearchStrategy: all) did not find any beans (OnBeanCondition)

   JpaBaseConfiguration#jpaVendorAdapter matched:
      - @ConditionalOnMissingBean (types: org.springframework.orm.jpa.JpaVendorAdapter; SearchStrategy: all) did not find any beans (OnBeanCondition)

   JpaBaseConfiguration#transactionManager matched:
      - @ConditionalOnMissingBean (types: org.springframework.transaction.TransactionManager; SearchStrategy: all) did not find any beans (OnBeanCondition)

   JpaBaseConfiguration.JpaWebConfiguration matched:
      - @ConditionalOnClass found required class 'org.springframework.web.servlet.config.annotation.WebMvcConfigurer' (OnClassCondition)
      - found 'session' scope (OnWebApplicationCondition)
      - @ConditionalOnBooleanProperty (spring.jpa.open-in-view=true) matched (OnPropertyCondition)
      - @ConditionalOnMissingBean (types: org.springframework.orm.jpa.support.OpenEntityManagerInViewInterceptor,org.springframework.orm.jpa.support.OpenEntityManagerInViewFilter; SearchStrategy: all) did not find any beans (OnBeanCondition)

   JpaBaseConfiguration.PersistenceManagedTypesConfiguration matched:
      - @ConditionalOnMissingBean (types: org.springframework.orm.jpa.LocalContainerEntityManagerFactoryBean,jakarta.persistence.EntityManagerFactory; SearchStrategy: all) did not find any beans (OnBeanCondition)

   JpaBaseConfiguration.PersistenceManagedTypesConfiguration#persistenceManagedTypes matched:
      - @ConditionalOnMissingBean (types: org.springframework.orm.jpa.persistenceunit.PersistenceManagedTypes; SearchStrategy: all) did not find any beans (OnBeanCondition)

   JtaAutoConfiguration matched:
      - @ConditionalOnClass found required class 'jakarta.transaction.Transaction' (OnClassCondition)
      - @ConditionalOnBooleanProperty (spring.jta.enabled=true) matched (OnPropertyCondition)

   LifecycleAutoConfiguration#defaultLifecycleProcessor matched:
      - @ConditionalOnMissingBean (names: lifecycleProcessor; SearchStrategy: current) did not find any beans (OnBeanCondition)

   LocalDevToolsAutoConfiguration matched:
      - Initialized Restarter Condition available and initialized (OnInitializedRestarterCondition)

   LocalDevToolsAutoConfiguration.RestartConfiguration matched:
      - @ConditionalOnBooleanProperty (spring.devtools.restart.enabled=true) matched (OnPropertyCondition)

   LocalDevToolsAutoConfiguration.RestartConfiguration#classPathFileSystemWatcher matched:
      - @ConditionalOnMissingBean (types: org.springframework.boot.devtools.classpath.ClassPathFileSystemWatcher; SearchStrategy: all) did not find any beans (OnBeanCondition)

   LocalDevToolsAutoConfiguration.RestartConfiguration#classPathRestartStrategy matched:
      - @ConditionalOnMissingBean (types: org.springframework.boot.devtools.classpath.ClassPathRestartStrategy; SearchStrategy: all) did not find any beans (OnBeanCondition)

   LocalDevToolsAutoConfiguration.RestartConfiguration#conditionEvaluationDeltaLoggingListener matched:
      - @ConditionalOnBooleanProperty (spring.devtools.restart.log-condition-evaluation-delta=true) matched (OnPropertyCondition)

   MultipartAutoConfiguration matched:
      - @ConditionalOnClass found required classes 'jakarta.servlet.Servlet', 'org.springframework.web.multipart.support.StandardServletMultipartResolver', 'jakarta.servlet.MultipartConfigElement' (OnClassCondition)
      - found 'session' scope (OnWebApplicationCondition)
      - @ConditionalOnBooleanProperty (spring.servlet.multipart.enabled=true) matched (OnPropertyCondition)

   MultipartAutoConfiguration#multipartConfigElement matched:
      - @ConditionalOnMissingBean (types: jakarta.servlet.MultipartConfigElement; SearchStrategy: all) did not find any beans (OnBeanCondition)

   MultipartAutoConfiguration#multipartResolver matched:
      - @ConditionalOnMissingBean (types: org.springframework.web.multipart.MultipartResolver; SearchStrategy: all) did not find any beans (OnBeanCondition)

   NamedParameterJdbcTemplateConfiguration matched:
      - @ConditionalOnSingleCandidate (types: org.springframework.jdbc.core.JdbcTemplate; SearchStrategy: all) found a single bean 'jdbcTemplate'; @ConditionalOnMissingBean (types: org.springframework.jdbc.core.namedparam.NamedParameterJdbcOperations; SearchStrategy: all) did not find any beans (OnBeanCondition)

   PersistenceExceptionTranslationAutoConfiguration matched:
      - @ConditionalOnClass found required class 'org.springframework.dao.annotation.PersistenceExceptionTranslationPostProcessor' (OnClassCondition)

   PersistenceExceptionTranslationAutoConfiguration#persistenceExceptionTranslationPostProcessor matched:
      - @ConditionalOnBooleanProperty (spring.persistence.exceptiontranslation.enabled=true) matched (OnPropertyCondition)
      - @ConditionalOnMissingBean (types: org.springframework.dao.annotation.PersistenceExceptionTranslationPostProcessor; SearchStrategy: all) did not find any beans (OnBeanCondition)

   PropertyPlaceholderAutoConfiguration#propertySourcesPlaceholderConfigurer matched:
      - @ConditionalOnMissingBean (types: org.springframework.context.support.PropertySourcesPlaceholderConfigurer; SearchStrategy: current) did not find any beans (OnBeanCondition)

   SslAutoConfiguration#sslBundleRegistry matched:
      - @ConditionalOnMissingBean (types: org.springframework.boot.ssl.SslBundleRegistry,org.springframework.boot.ssl.SslBundles; SearchStrategy: all) did not find any beans (OnBeanCondition)

   TaskExecutionAutoConfiguration matched:
      - @ConditionalOnClass found required class 'org.springframework.scheduling.concurrent.ThreadPoolTaskExecutor' (OnClassCondition)

   TaskExecutorConfigurations.AsyncConfigurerConfiguration matched:
      - @ConditionalOnMissingBean (types: org.springframework.scheduling.annotation.AsyncConfigurer; SearchStrategy: all) did not find any beans (OnBeanCondition)

   TaskExecutorConfigurations.SimpleAsyncTaskExecutorBuilderConfiguration#simpleAsyncTaskExecutorBuilder matched:
      - @ConditionalOnThreading found PLATFORM (OnThreadingCondition)
      - @ConditionalOnMissingBean (types: org.springframework.boot.task.SimpleAsyncTaskExecutorBuilder; SearchStrategy: all) did not find any beans (OnBeanCondition)

   TaskExecutorConfigurations.TaskExecutorConfiguration matched:
      - AnyNestedCondition 1 matched 1 did not; NestedCondition on TaskExecutorConfigurations.OnExecutorCondition.ModelCondition @ConditionalOnProperty (spring.task.execution.mode=force) did not find property 'spring.task.execution.mode'; NestedCondition on TaskExecutorConfigurations.OnExecutorCondition.ExecutorBeanCondition @ConditionalOnMissingBean (types: java.util.concurrent.Executor; SearchStrategy: all) did not find any beans (TaskExecutorConfigurations.OnExecutorCondition)

   TaskExecutorConfigurations.TaskExecutorConfiguration#applicationTaskExecutor matched:
      - @ConditionalOnThreading found PLATFORM (OnThreadingCondition)

   TaskExecutorConfigurations.ThreadPoolTaskExecutorBuilderConfiguration#threadPoolTaskExecutorBuilder matched:
      - @ConditionalOnMissingBean (types: org.springframework.boot.task.ThreadPoolTaskExecutorBuilder; SearchStrategy: all) did not find any beans (OnBeanCondition)

   TaskSchedulingAutoConfiguration matched:
      - @ConditionalOnClass found required class 'org.springframework.scheduling.concurrent.ThreadPoolTaskScheduler' (OnClassCondition)

   TaskSchedulingConfigurations.SimpleAsyncTaskSchedulerBuilderConfiguration#simpleAsyncTaskSchedulerBuilder matched:
      - @ConditionalOnThreading found PLATFORM (OnThreadingCondition)
      - @ConditionalOnMissingBean (types: org.springframework.boot.task.SimpleAsyncTaskSchedulerBuilder; SearchStrategy: all) did not find any beans (OnBeanCondition)

   TaskSchedulingConfigurations.ThreadPoolTaskSchedulerBuilderConfiguration#threadPoolTaskSchedulerBuilder matched:
      - @ConditionalOnMissingBean (types: org.springframework.boot.task.ThreadPoolTaskSchedulerBuilder; SearchStrategy: all) did not find any beans (OnBeanCondition)

   TomcatServletWebServerAutoConfiguration matched:
      - @ConditionalOnClass found required classes 'jakarta.servlet.ServletRequest', 'org.apache.catalina.startup.Tomcat', 'org.apache.coyote.UpgradeProtocol', 'org.springframework.boot.tomcat.servlet.TomcatServletWebServerFactory' (OnClassCondition)
      - found 'session' scope (OnWebApplicationCondition)

   TomcatServletWebServerAutoConfiguration#tomcatServletWebServerFactory matched:
      - @ConditionalOnMissingBean (types: org.springframework.boot.web.server.servlet.ServletWebServerFactory; SearchStrategy: current) did not find any beans (OnBeanCondition)

   TomcatWebServerConfiguration matched:
      - @ConditionalOnWarDeployment the application is not deployed as a WAR file. (OnWarDeploymentCondition)

   TomcatWebServerConfiguration.TomcatWebSocketConfiguration matched:
      - @ConditionalOnClass found required class 'org.apache.tomcat.websocket.server.WsSci' (OnClassCondition)

   TransactionAutoConfiguration matched:
      - @ConditionalOnClass found required class 'org.springframework.transaction.PlatformTransactionManager' (OnClassCondition)

   TransactionAutoConfiguration.EnableTransactionManagementConfiguration matched:
      - @ConditionalOnBean (types: org.springframework.transaction.TransactionManager; SearchStrategy: all) found bean 'transactionManager'; @ConditionalOnMissingBean (types: org.springframework.transaction.annotation.AbstractTransactionManagementConfiguration; SearchStrategy: all) did not find any beans (OnBeanCondition)

   TransactionAutoConfiguration.EnableTransactionManagementConfiguration.CglibAutoProxyConfiguration matched:
      - @ConditionalOnBooleanProperty (spring.aop.proxy-target-class=true) matched (OnPropertyCondition)

   TransactionAutoConfiguration.TransactionTemplateConfiguration matched:
      - @ConditionalOnSingleCandidate (types: org.springframework.transaction.PlatformTransactionManager; SearchStrategy: all) found a single bean 'transactionManager' (OnBeanCondition)

   TransactionAutoConfiguration.TransactionTemplateConfiguration#transactionTemplate matched:
      - @ConditionalOnMissingBean (types: org.springframework.transaction.support.TransactionOperations; SearchStrategy: all) did not find any beans (OnBeanCondition)

   TransactionManagerCustomizationAutoConfiguration matched:
      - @ConditionalOnClass found required class 'org.springframework.transaction.PlatformTransactionManager' (OnClassCondition)

   TransactionManagerCustomizationAutoConfiguration#platformTransactionManagerCustomizers matched:
      - @ConditionalOnMissingBean (types: org.springframework.boot.transaction.autoconfigure.TransactionManagerCustomizers; SearchStrategy: all) did not find any beans (OnBeanCondition)

   WebMvcAutoConfiguration matched:
      - @ConditionalOnClass found required classes 'jakarta.servlet.Servlet', 'org.springframework.web.servlet.DispatcherServlet', 'org.springframework.web.servlet.config.annotation.WebMvcConfigurer' (OnClassCondition)
      - found 'session' scope (OnWebApplicationCondition)
      - @ConditionalOnMissingBean (types: org.springframework.web.servlet.config.annotation.WebMvcConfigurationSupport; SearchStrategy: all) did not find any beans (OnBeanCondition)

   WebMvcAutoConfiguration#formContentFilter matched:
      - @ConditionalOnBooleanProperty (spring.mvc.formcontent.filter.enabled=true) matched (OnPropertyCondition)
      - @ConditionalOnMissingBean (types: org.springframework.web.filter.FormContentFilter; SearchStrategy: all) did not find any beans (OnBeanCondition)

   WebMvcAutoConfiguration.EnableWebMvcConfiguration#flashMapManager matched:
      - @ConditionalOnMissingBean (names: flashMapManager; SearchStrategy: all) did not find any beans (OnBeanCondition)

   WebMvcAutoConfiguration.EnableWebMvcConfiguration#localeResolver matched:
      - @ConditionalOnMissingBean (names: localeResolver; SearchStrategy: all) did not find any beans (OnBeanCondition)

   WebMvcAutoConfiguration.EnableWebMvcConfiguration#viewNameTranslator matched:
      - @ConditionalOnMissingBean (names: viewNameTranslator; SearchStrategy: all) did not find any beans (OnBeanCondition)

   WebMvcAutoConfiguration.WebMvcAutoConfigurationAdapter#defaultViewResolver matched:
      - @ConditionalOnMissingBean (types: org.springframework.web.servlet.view.InternalResourceViewResolver; SearchStrategy: all) did not find any beans (OnBeanCondition)

   WebMvcAutoConfiguration.WebMvcAutoConfigurationAdapter#requestContextFilter matched:
      - @ConditionalOnMissingBean (types: org.springframework.web.context.request.RequestContextListener,org.springframework.web.filter.RequestContextFilter; SearchStrategy: all) did not find any beans (OnBeanCondition)

   WebMvcAutoConfiguration.WebMvcAutoConfigurationAdapter#viewResolver matched:
      - @ConditionalOnBean (types: org.springframework.web.servlet.ViewResolver; SearchStrategy: all) found beans 'defaultViewResolver', 'beanNameViewResolver', 'mvcViewResolver'; @ConditionalOnMissingBean (names: viewResolver types: org.springframework.web.servlet.view.ContentNegotiatingViewResolver; SearchStrategy: all) did not find any beans (OnBeanCondition)


Negative matches:
-----------------

   AopAutoConfiguration.AspectJAutoProxyingConfiguration.JdkDynamicAutoProxyConfiguration:
      Did not match:
         - @ConditionalOnBooleanProperty (spring.aop.proxy-target-class=false) did not find property 'spring.aop.proxy-target-class' (OnPropertyCondition)

   AopAutoConfiguration.ClassProxyingConfiguration:
      Did not match:
         - @ConditionalOnMissingClass found unwanted class 'org.aspectj.weaver.Advice' (OnClassCondition)

   DataJpaRepositoriesAutoConfiguration#entityManagerFactoryBootstrapExecutorCustomizer:
      Did not match:
         - AnyNestedCondition 0 matched 2 did not; NestedCondition on DataJpaRepositoriesAutoConfiguration.BootstrapExecutorCondition.LazyBootstrapMode @ConditionalOnProperty (spring.data.jpa.repositories.bootstrap-mode=lazy) did not find property 'spring.data.jpa.repositories.bootstrap-mode'; NestedCondition on DataJpaRepositoriesAutoConfiguration.BootstrapExecutorCondition.DeferredBootstrapMode @ConditionalOnProperty (spring.data.jpa.repositories.bootstrap-mode=deferred) did not find property 'spring.data.jpa.repositories.bootstrap-mode' (DataJpaRepositoriesAutoConfiguration.BootstrapExecutorCondition)

   DataRepositoryMetricsAutoConfiguration:
      Did not match:
         - @ConditionalOnBean did not find required type 'io.micrometer.core.instrument.MeterRegistry' (OnBeanCondition)

   DataSourceAutoConfiguration.EmbeddedDatabaseConfiguration:
      Did not match:
         - EmbeddedDataSource spring.datasource.url is set (DataSourceAutoConfiguration.EmbeddedDatabaseCondition)

   DataSourceCheckpointRestoreConfiguration:
      Did not match:
         - @ConditionalOnClass did not find required class 'org.crac.Resource' (OnClassCondition)

   DataSourceConfiguration.Dbcp2:
      Did not match:
         - @ConditionalOnClass did not find required class 'org.apache.commons.dbcp2.BasicDataSource' (OnClassCondition)

   DataSourceConfiguration.Generic:
      Did not match:
         - @ConditionalOnProperty (spring.datasource.type) did not find property 'spring.datasource.type' (OnPropertyCondition)

   DataSourceConfiguration.OracleUcp:
      Did not match:
         - @ConditionalOnClass did not find required classes 'oracle.ucp.jdbc.PoolDataSourceImpl', 'oracle.jdbc.OracleConnection' (OnClassCondition)

   DataSourceConfiguration.Tomcat:
      Did not match:
         - @ConditionalOnClass did not find required class 'org.apache.tomcat.jdbc.pool.DataSource' (OnClassCondition)

   DataSourceHealthContributorAutoConfiguration:
      Did not match:
         - @ConditionalOnClass did not find required class 'org.springframework.boot.health.autoconfigure.contributor.ConditionalOnEnabledHealthIndicator' (OnClassCondition)

   DataSourceJmxConfiguration:
      Did not match:
         - @ConditionalOnBooleanProperty (spring.jmx.enabled=true) did not find property 'spring.jmx.enabled' (OnPropertyCondition)

   DataSourcePoolMetadataProvidersConfiguration.CommonsDbcp2PoolDataSourceMetadataProviderConfiguration:
      Did not match:
         - @ConditionalOnClass did not find required class 'org.apache.commons.dbcp2.BasicDataSource' (OnClassCondition)

   DataSourcePoolMetadataProvidersConfiguration.OracleUcpPoolDataSourceMetadataProviderConfiguration:
      Did not match:
         - @ConditionalOnClass did not find required classes 'oracle.ucp.jdbc.PoolDataSource', 'oracle.jdbc.OracleConnection' (OnClassCondition)

   DataSourcePoolMetadataProvidersConfiguration.TomcatDataSourcePoolMetadataProviderConfiguration:
      Did not match:
         - @ConditionalOnClass did not find required class 'org.apache.tomcat.jdbc.pool.DataSource' (OnClassCondition)

   DataSourcePoolMetricsAutoConfiguration:
      Did not match:
         - @ConditionalOnClass did not find required class 'io.micrometer.core.instrument.MeterRegistry' (OnClassCondition)

   DataSourceTransactionManagerAutoConfiguration.JdbcTransactionManagerConfiguration#transactionManager:
      Did not match:
         - @ConditionalOnMissingBean (types: org.springframework.transaction.TransactionManager; SearchStrategy: all) found beans of type 'org.springframework.transaction.TransactionManager' transactionManager (OnBeanCondition)

   DevToolsR2dbcAutoConfiguration:
      Did not match:
         - @ConditionalOnClass did not find required class 'io.r2dbc.spi.ConnectionFactory' (OnClassCondition)

   DispatcherServletAutoConfiguration.DispatcherServletConfiguration#multipartResolver:
      Did not match:
         - @ConditionalOnBean (types: org.springframework.web.multipart.MultipartResolver; SearchStrategy: all) did not find any beans of type org.springframework.web.multipart.MultipartResolver (OnBeanCondition)

   GsonHttpMessageConvertersConfiguration:
      Did not match:
         - @ConditionalOnClass did not find required class 'com.google.gson.Gson' (OnClassCondition)

   HibernateMetricsAutoConfiguration:
      Did not match:
         - @ConditionalOnClass did not find required class 'io.micrometer.core.instrument.MeterRegistry' (OnClassCondition)

   Jackson2HttpMessageConvertersConfiguration.MappingJackson2HttpMessageConverterConfiguration:
      Did not match:
         - @ConditionalOnClass did not find required class 'com.fasterxml.jackson.databind.ObjectMapper' (OnClassCondition)

   Jackson2HttpMessageConvertersConfiguration.MappingJackson2XmlHttpMessageConverterConfiguration:
      Did not match:
         - @ConditionalOnClass did not find required class 'tools.jackson.dataformat.xml.XmlMapper' (OnClassCondition)

   JacksonAutoConfiguration.CborConfiguration:
      Did not match:
         - @ConditionalOnClass did not find required class 'tools.jackson.dataformat.cbor.CBORMapper' (OnClassCondition)

   JacksonAutoConfiguration.XmlConfiguration:
      Did not match:
         - @ConditionalOnClass did not find required class 'tools.jackson.dataformat.xml.XmlMapper' (OnClassCondition)

   JacksonHttpMessageConvertersConfiguration.JacksonXmlHttpMessageConverterConfiguration:
      Did not match:
         - @ConditionalOnClass did not find required class 'tools.jackson.dataformat.xml.XmlMapper' (OnClassCondition)

   JmxAutoConfiguration:
      Did not match:
         - @ConditionalOnBooleanProperty (spring.jmx.enabled=true) did not find property 'spring.jmx.enabled' (OnPropertyCondition)
      Matched:
         - @ConditionalOnClass found required class 'org.springframework.jmx.export.MBeanExporter' (OnClassCondition)

   JndiDataSourceAutoConfiguration:
      Did not match:
         - @ConditionalOnProperty (spring.datasource.jndi-name) did not find property 'spring.datasource.jndi-name' (OnPropertyCondition)
      Matched:
         - @ConditionalOnClass found required classes 'javax.sql.DataSource', 'org.springframework.jdbc.datasource.embedded.EmbeddedDatabaseType' (OnClassCondition)

   JndiJtaConfiguration:
      Did not match:
         - @ConditionalOnJndi JNDI environment is not available (OnJndiCondition)
      Matched:
         - @ConditionalOnClass found required class 'org.springframework.transaction.jta.JtaTransactionManager' (OnClassCondition)

   JsonbHttpMessageConvertersConfiguration:
      Did not match:
         - @ConditionalOnClass did not find required class 'jakarta.json.bind.Jsonb' (OnClassCondition)

   KotlinSerializationHttpMessageConvertersConfiguration:
      Did not match:
         - @ConditionalOnClass did not find required classes 'kotlinx.serialization.Serializable', 'kotlinx.serialization.json.Json' (OnClassCondition)

   LocalDevToolsAutoConfiguration.LiveReloadConfiguration:
      Did not match:
         - @ConditionalOnBooleanProperty (spring.devtools.livereload.enabled=true) did not find property 'spring.devtools.livereload.enabled' (OnPropertyCondition)

   MessageSourceAutoConfiguration:
      Did not match:
         - ResourceBundle did not find bundle with basename messages (MessageSourceAutoConfiguration.ResourceBundleCondition)

   ProjectInfoAutoConfiguration#buildProperties:
      Did not match:
         - @ConditionalOnResource did not find resource '${spring.info.build.location:classpath:META-INF/build-info.properties}' (OnResourceCondition)

   ProjectInfoAutoConfiguration#gitProperties:
      Did not match:
         - GitResource did not find git info at classpath:git.properties (ProjectInfoAutoConfiguration.GitResourceAvailableCondition)

   RemoteDevToolsAutoConfiguration:
      Did not match:
         - @ConditionalOnProperty (spring.devtools.remote.secret) did not find property 'spring.devtools.remote.secret' (OnPropertyCondition)
      Matched:
         - @ConditionalOnClass found required classes 'jakarta.servlet.Filter', 'org.springframework.http.server.ServerHttpRequest', 'org.springframework.boot.web.server.autoconfigure.ServerProperties' (OnClassCondition)

   ServletHttpExchangesAutoConfiguration:
      Did not match:
         - @ConditionalOnBean did not find required type 'org.springframework.boot.actuate.web.exchanges.HttpExchangeRepository' (OnBeanCondition)

   ServletManagementContextAutoConfiguration:
      Did not match:
         - @ConditionalOnClass did not find required class 'org.springframework.boot.actuate.autoconfigure.endpoint.web.WebEndpointProperties' (OnClassCondition)

   ServletMappingsAutoConfiguration:
      Did not match:
         - @ConditionalOnClass did not find required class 'org.springframework.boot.actuate.autoconfigure.endpoint.condition.ConditionalOnAvailableEndpoint' (OnClassCondition)

   ServletWebServerConfiguration#forwardedHeaderFilter:
      Did not match:
         - @ConditionalOnProperty (server.forward-headers-strategy=framework) did not find property 'server.forward-headers-strategy' (OnPropertyCondition)

   SpringApplicationAdminJmxAutoConfiguration:
      Did not match:
         - @ConditionalOnBooleanProperty (spring.application.admin.enabled=true) did not find property 'spring.application.admin.enabled' (OnPropertyCondition)

   TaskExecutorConfigurations.AsyncConfigurerWrapperConfiguration:
      Did not match:
         - @ConditionalOnBean (types: org.springframework.scheduling.annotation.AsyncConfigurer; SearchStrategy: all) did not find any beans of type org.springframework.scheduling.annotation.AsyncConfigurer (OnBeanCondition)

   TaskExecutorConfigurations.SimpleAsyncTaskExecutorBuilderConfiguration#simpleAsyncTaskExecutorBuilderVirtualThreads:
      Did not match:
         - @ConditionalOnMissingBean (types: org.springframework.boot.task.SimpleAsyncTaskExecutorBuilder; SearchStrategy: all) found beans of type 'org.springframework.boot.task.SimpleAsyncTaskExecutorBuilder' simpleAsyncTaskExecutorBuilder (OnBeanCondition)

   TaskExecutorConfigurations.TaskExecutorConfiguration#applicationTaskExecutorVirtualThreads:
      Did not match:
         - @ConditionalOnThreading did not find VIRTUAL (OnThreadingCondition)

   TaskSchedulingAutoConfiguration#scheduledBeanLazyInitializationExcludeFilter:
      Did not match:
         - @ConditionalOnBean (names: org.springframework.scheduling.config.internalScheduledAnnotationProcessor; SearchStrategy: all) did not find any beans named org.springframework.scheduling.config.internalScheduledAnnotationProcessor (OnBeanCondition)

   TaskSchedulingConfigurations.SimpleAsyncTaskSchedulerBuilderConfiguration#simpleAsyncTaskSchedulerBuilderVirtualThreads:
      Did not match:
         - @ConditionalOnThreading did not find VIRTUAL (OnThreadingCondition)

   TaskSchedulingConfigurations.TaskSchedulerConfiguration:
      Did not match:
         - @ConditionalOnBean (names: org.springframework.scheduling.config.internalScheduledAnnotationProcessor; SearchStrategy: all) did not find any beans named org.springframework.scheduling.config.internalScheduledAnnotationProcessor (OnBeanCondition)

   TomcatMetricsAutoConfiguration:
      Did not match:
         - @ConditionalOnClass did not find required class 'io.micrometer.core.instrument.binder.tomcat.TomcatMetrics' (OnClassCondition)

   TomcatReactiveManagementContextAutoConfiguration:
      Did not match:
         - @ConditionalOnClass did not find required class 'org.springframework.boot.actuate.autoconfigure.web.server.ManagementContextFactory' (OnClassCondition)

   TomcatReactiveWebServerAutoConfiguration:
      Did not match:
         - @ConditionalOnWebApplication did not find reactive web application classes (OnWebApplicationCondition)

   TomcatServletManagementContextAutoConfiguration:
      Did not match:
         - @ConditionalOnClass did not find required class 'org.springframework.boot.actuate.autoconfigure.web.server.ManagementContextFactory' (OnClassCondition)

   TomcatServletWebServerAutoConfiguration#tomcatForwardedHeaderFilterCustomizer:
      Did not match:
         - @ConditionalOnProperty (server.forward-headers-strategy=framework) did not find property 'server.forward-headers-strategy' (OnPropertyCondition)

   TomcatWebServerConfiguration#tomcatVirtualThreadsProtocolHandlerCustomizer:
      Did not match:
         - @ConditionalOnThreading did not find VIRTUAL (OnThreadingCondition)

   TransactionAutoConfiguration#transactionalOperator:
      Did not match:
         - @ConditionalOnSingleCandidate (types: org.springframework.transaction.ReactiveTransactionManager; SearchStrategy: all) did not find any beans (OnBeanCondition)

   TransactionAutoConfiguration.AspectJTransactionManagementConfiguration:
      Did not match:
         - @ConditionalOnBean (types: org.springframework.transaction.aspectj.AbstractTransactionAspect; SearchStrategy: all) did not find any beans of type org.springframework.transaction.aspectj.AbstractTransactionAspect (OnBeanCondition)

   TransactionAutoConfiguration.EnableTransactionManagementConfiguration.JdkDynamicAutoProxyConfiguration:
      Did not match:
         - @ConditionalOnBooleanProperty (spring.aop.proxy-target-class=false) did not find property 'spring.aop.proxy-target-class' (OnPropertyCondition)

   WebMvcAutoConfiguration#hiddenHttpMethodFilter:
      Did not match:
         - @ConditionalOnBooleanProperty (spring.mvc.hiddenmethod.filter.enabled=true) did not find property 'spring.mvc.hiddenmethod.filter.enabled' (OnPropertyCondition)

   WebMvcAutoConfiguration.ProblemDetailsErrorHandlingConfiguration:
      Did not match:
         - @ConditionalOnBooleanProperty (spring.mvc.problemdetails.enabled=true) did not find property 'spring.mvc.problemdetails.enabled' (OnPropertyCondition)

   WebMvcAutoConfiguration.ResourceChainCustomizerConfiguration:
      Did not match:
         - @ConditionalOnEnabledResourceChain did not find class org.webjars.WebJarVersionLocator (OnEnabledResourceChainCondition)

   WebMvcAutoConfiguration.WebMvcAutoConfigurationAdapter#beanNameViewResolver:
      Did not match:
         - @ConditionalOnMissingBean (types: org.springframework.web.servlet.view.BeanNameViewResolver; SearchStrategy: all) found beans of type 'org.springframework.web.servlet.view.BeanNameViewResolver' beanNameViewResolver (OnBeanCondition)

   WebMvcHealthEndpointExtensionAutoConfiguration:
      Did not match:
         - @ConditionalOnClass did not find required class 'org.springframework.boot.health.actuate.endpoint.HealthEndpoint' (OnClassCondition)

   WebMvcMappingsAutoConfiguration:
      Did not match:
         - @ConditionalOnClass did not find required class 'org.springframework.boot.actuate.autoconfigure.endpoint.condition.ConditionalOnAvailableEndpoint' (OnClassCondition)

   WebMvcObservationAutoConfiguration:
      Did not match:
         - @ConditionalOnBean (types: io.micrometer.observation.ObservationRegistry; SearchStrategy: all) did not find any beans of type io.micrometer.observation.ObservationRegistry (OnBeanCondition)
      Matched:
         - @ConditionalOnClass found required classes 'org.springframework.web.servlet.DispatcherServlet', 'io.micrometer.observation.Observation' (OnClassCondition)
         - found 'session' scope (OnWebApplicationCondition)

   WebMvcObservationAutoConfiguration.MeterFilterConfiguration:
      Did not match:
         - @ConditionalOnClass did not find required class 'io.micrometer.core.instrument.MeterRegistry' (OnClassCondition)
         - Ancestor org.springframework.boot.webmvc.autoconfigure.WebMvcObservationAutoConfiguration did not match (ConditionEvaluationReport.AncestorsMatchedCondition)

   XADataSourceAutoConfiguration:
      Did not match:
         - @ConditionalOnBean (types: org.springframework.boot.jdbc.XADataSourceWrapper; SearchStrategy: all) did not find any beans of type org.springframework.boot.jdbc.XADataSourceWrapper (OnBeanCondition)
      Matched:
         - @ConditionalOnClass found required classes 'javax.sql.DataSource', 'jakarta.transaction.TransactionManager', 'org.springframework.jdbc.datasource.embedded.EmbeddedDatabaseType' (OnClassCondition)


Exclusions:
-----------

    None


Unconditional classes:
----------------------

    org.springframework.boot.autoconfigure.context.ConfigurationPropertiesAutoConfiguration

    org.springframework.boot.autoconfigure.ssl.SslAutoConfiguration

    org.springframework.boot.autoconfigure.context.LifecycleAutoConfiguration

    org.springframework.boot.autoconfigure.context.PropertyPlaceholderAutoConfiguration

    org.springframework.boot.autoconfigure.availability.ApplicationAvailabilityAutoConfiguration

    org.springframework.boot.autoconfigure.info.ProjectInfoAutoConfiguration



2025-12-26 23:11:29 INFO  c.p.p.p.ProjectionReadyFeaturesApplication - Started ProjectionReadyFeaturesApplication in 0.227 seconds (process running for 1390.114)
2025-12-26 23:11:29 DEBUG o.s.b.a.ApplicationAvailabilityBean - Application availability state LivenessState changed to CORRECT
2025-12-26 23:11:29 INFO  o.s.b.d.a.ConditionEvaluationDeltaLoggingListener - Condition evaluation unchanged
2025-12-26 23:11:29 DEBUG o.s.b.a.ApplicationAvailabilityBean - Application availability state ReadinessState changed to ACCEPTING_TRAFFIC
2025-12-26 23:11:29 DEBUG c.z.h.p.HikariPool - HikariPool-7 - Pool stats (total=1/10, idle=1/10, active=0, waiting=0)
2025-12-26 23:11:29 DEBUG c.z.h.p.PoolBase - HikariPool-7 - Attempting to create/setup new connection (e20af88e-42c3-417f-af72-14d960b22b00)
2025-12-26 23:11:29 DEBUG c.z.h.p.PoolBase - HikariPool-7 - Established new connection (e20af88e-42c3-417f-af72-14d960b22b00)
2025-12-26 23:11:29 DEBUG c.z.h.p.HikariPool - HikariPool-7 - Added connection com.mysql.cj.jdbc.ConnectionImpl@177d9596
2025-12-26 23:11:29 DEBUG o.h.o.service - HHH010455: Adding integrator: org.hibernate.boot.beanvalidation.BeanValidationIntegrator
2025-12-26 23:11:29 DEBUG o.h.o.service - HHH010455: Adding integrator: org.hibernate.cache.internal.CollectionCacheInvalidator
2025-12-26 23:11:29 DEBUG o.h.o.service - HHH010455: Adding integrator: org.hibernate.envers.boot.internal.EnversIntegrator
2025-12-26 23:11:29 INFO  o.h.o.core - HHH000001: Hibernate ORM core version 7.2.0.Final
2025-12-26 23:11:29 DEBUG o.h.o.core - HHH000206: 'hibernate.properties' not found
2025-12-26 23:11:29 DEBUG o.s.o.j.h.SpringBeanContainer - Falling back to Hibernate's default producer after bean creation failure for interface org.hibernate.engine.jdbc.connections.spi.MultiTenantConnectionProvider: org.springframework.beans.factory.BeanCreationException: Error creating bean with name 'org.hibernate.engine.jdbc.connections.spi.MultiTenantConnectionProvider': Failed to instantiate [org.hibernate.engine.jdbc.connections.spi.MultiTenantConnectionProvider]: Specified class is an interface
2025-12-26 23:11:29 DEBUG o.h.o.cache - HHH90001031: Cannot default RegionFactory since no RegionFactory strategies were registered
2025-12-26 23:11:29 DEBUG o.h.o.cache - HHH90001029: Second-level cache disabled
2025-12-26 23:11:29 DEBUG c.z.h.p.HikariPool - HikariPool-7 - After adding stats (total=2/10, idle=2/10, active=0, waiting=0)
2025-12-26 23:11:29 DEBUG c.z.h.p.PoolBase - HikariPool-7 - Attempting to create/setup new connection (8a493f7e-3617-4e5e-8fbb-92a64ede6e9c)
2025-12-26 23:11:29 DEBUG c.z.h.p.PoolBase - HikariPool-7 - Established new connection (8a493f7e-3617-4e5e-8fbb-92a64ede6e9c)
2025-12-26 23:11:29 DEBUG c.z.h.p.HikariPool - HikariPool-7 - Added connection com.mysql.cj.jdbc.ConnectionImpl@56409fad
2025-12-26 23:11:29 DEBUG c.z.h.p.HikariPool - HikariPool-7 - After adding stats (total=3/10, idle=3/10, active=0, waiting=0)
2025-12-26 23:11:29 DEBUG c.z.h.p.PoolBase - HikariPool-7 - Attempting to create/setup new connection (a03d1ffb-d7a3-4904-b00e-25e9b8464481)
2025-12-26 23:11:29 DEBUG c.z.h.p.PoolBase - HikariPool-7 - Established new connection (a03d1ffb-d7a3-4904-b00e-25e9b8464481)
2025-12-26 23:11:29 DEBUG c.z.h.p.HikariPool - HikariPool-7 - Added connection com.mysql.cj.jdbc.ConnectionImpl@67dc6e69
2025-12-26 23:11:29 INFO  o.h.e.b.i.EnversServiceImpl - Envers integration enabled? : true
2025-12-26 23:11:29 DEBUG c.z.h.p.HikariPool - HikariPool-7 - After adding stats (total=4/10, idle=4/10, active=0, waiting=0)
2025-12-26 23:11:29 DEBUG c.z.h.p.PoolBase - HikariPool-7 - Attempting to create/setup new connection (4904e911-3505-47d4-8393-f75f2d5cacdd)
2025-12-26 23:11:29 DEBUG c.z.h.p.PoolBase - HikariPool-7 - Established new connection (4904e911-3505-47d4-8393-f75f2d5cacdd)
2025-12-26 23:11:29 DEBUG c.z.h.p.HikariPool - HikariPool-7 - Added connection com.mysql.cj.jdbc.ConnectionImpl@366f60e2
2025-12-26 23:11:29 DEBUG c.z.h.p.HikariPool - HikariPool-7 - After adding stats (total=5/10, idle=5/10, active=0, waiting=0)
2025-12-26 23:11:29 DEBUG c.z.h.p.PoolBase - HikariPool-7 - Attempting to create/setup new connection (b60aa1e2-797c-42d2-b695-9d754193738b)
2025-12-26 23:11:29 DEBUG c.z.h.p.PoolBase - HikariPool-7 - Established new connection (b60aa1e2-797c-42d2-b695-9d754193738b)
2025-12-26 23:11:29 DEBUG c.z.h.p.HikariPool - HikariPool-7 - Added connection com.mysql.cj.jdbc.ConnectionImpl@1a5079c2
2025-12-26 23:11:29 INFO  o.s.o.j.p.SpringPersistenceUnitInfo - No LoadTimeWeaver setup: ignoring JPA class transformer
2025-12-26 23:11:29 DEBUG c.z.h.HikariConfig - HikariPool-1 - configuration:
2025-12-26 23:11:29 DEBUG c.z.h.HikariConfig - allowPoolSuspension.............false
2025-12-26 23:11:29 DEBUG c.z.h.HikariConfig - autoCommit......................true
2025-12-26 23:11:29 DEBUG c.z.h.HikariConfig - catalog.........................none
2025-12-26 23:11:29 DEBUG c.z.h.HikariConfig - connectionInitSql...............none
2025-12-26 23:11:29 DEBUG c.z.h.HikariConfig - connectionTestQuery.............none
2025-12-26 23:11:29 DEBUG c.z.h.HikariConfig - connectionTimeout...............30000
2025-12-26 23:11:29 DEBUG c.z.h.HikariConfig - credentials.....................com.zaxxer.hikari.util.Credentials@8c3b634
2025-12-26 23:11:29 DEBUG c.z.h.HikariConfig - credentialsProvider.............none
2025-12-26 23:11:29 DEBUG c.z.h.HikariConfig - credentialsProviderClassName....none
2025-12-26 23:11:29 DEBUG c.z.h.HikariConfig - dataSource......................none
2025-12-26 23:11:29 DEBUG c.z.h.HikariConfig - dataSourceClassName.............none
2025-12-26 23:11:29 DEBUG c.z.h.HikariConfig - dataSourceJNDI..................none
2025-12-26 23:11:29 DEBUG c.z.h.HikariConfig - dataSourceProperties............{password=<masked>}
2025-12-26 23:11:29 DEBUG c.z.h.HikariConfig - driverClassName................."com.mysql.cj.jdbc.Driver"
2025-12-26 23:11:29 DEBUG c.z.h.HikariConfig - exceptionOverride...............none
2025-12-26 23:11:29 DEBUG c.z.h.HikariConfig - exceptionOverrideClassName......none
2025-12-26 23:11:29 DEBUG c.z.h.HikariConfig - healthCheckProperties...........{}
2025-12-26 23:11:29 DEBUG c.z.h.HikariConfig - healthCheckRegistry.............none
2025-12-26 23:11:29 DEBUG c.z.h.HikariConfig - idleTimeout.....................600000
2025-12-26 23:11:29 DEBUG c.z.h.HikariConfig - initializationFailTimeout.......1
2025-12-26 23:11:29 DEBUG c.z.h.HikariConfig - isolateInternalQueries..........false
2025-12-26 23:11:29 DEBUG c.z.h.HikariConfig - jdbcUrl.........................jdbc:mysql://localhost:3306/prod-ready-features?useSSL=false
2025-12-26 23:11:29 DEBUG c.z.h.HikariConfig - keepaliveTime...................120000
2025-12-26 23:11:29 DEBUG c.z.h.HikariConfig - leakDetectionThreshold..........0
2025-12-26 23:11:29 DEBUG c.z.h.HikariConfig - maxLifetime.....................1800000
2025-12-26 23:11:29 DEBUG c.z.h.HikariConfig - maximumPoolSize.................10
2025-12-26 23:11:29 DEBUG c.z.h.HikariConfig - metricRegistry..................none
2025-12-26 23:11:29 DEBUG c.z.h.HikariConfig - metricsTrackerFactory...........none
2025-12-26 23:11:29 DEBUG c.z.h.HikariConfig - minimumIdle.....................10
2025-12-26 23:11:29 DEBUG c.z.h.HikariConfig - password........................<masked>
2025-12-26 23:11:29 DEBUG c.z.h.HikariConfig - poolName........................"HikariPool-1"
2025-12-26 23:11:29 DEBUG c.z.h.HikariConfig - readOnly........................false
2025-12-26 23:11:29 DEBUG c.z.h.HikariConfig - registerMbeans..................false
2025-12-26 23:11:29 DEBUG c.z.h.HikariConfig - scheduledExecutor...............none
2025-12-26 23:11:29 DEBUG c.z.h.HikariConfig - schema..........................none
2025-12-26 23:11:29 DEBUG c.z.h.HikariConfig - threadFactory...................internal
2025-12-26 23:11:29 DEBUG c.z.h.HikariConfig - transactionIsolation............default
2025-12-26 23:11:29 DEBUG c.z.h.HikariConfig - username........................"root"
2025-12-26 23:11:29 DEBUG c.z.h.HikariConfig - validationTimeout...............5000
2025-12-26 23:11:29 INFO  c.z.h.HikariDataSource - HikariPool-1 - Starting...
2025-12-26 23:11:29 DEBUG c.z.h.p.HikariPool - HikariPool-7 - After adding stats (total=6/10, idle=6/10, active=0, waiting=0)
2025-12-26 23:11:29 DEBUG c.z.h.p.PoolBase - HikariPool-7 - Attempting to create/setup new connection (23d7fc01-bc4f-4e64-8e38-08e440dcc3ec)
2025-12-26 23:11:29 DEBUG c.z.h.p.PoolBase - HikariPool-1 - Attempting to create/setup new connection (60c88d87-2363-4d42-8374-577373ca4c88)
2025-12-26 23:11:29 DEBUG c.z.h.p.PoolBase - HikariPool-7 - Established new connection (23d7fc01-bc4f-4e64-8e38-08e440dcc3ec)
2025-12-26 23:11:29 DEBUG c.z.h.p.HikariPool - HikariPool-7 - Added connection com.mysql.cj.jdbc.ConnectionImpl@32213a34
2025-12-26 23:11:29 DEBUG c.z.h.p.HikariPool - HikariPool-7 - After adding stats (total=7/10, idle=7/10, active=0, waiting=0)
2025-12-26 23:11:29 DEBUG c.z.h.p.PoolBase - HikariPool-7 - Attempting to create/setup new connection (163d9ab6-3af9-46bd-93fd-bcad007d7fae)
2025-12-26 23:11:29 DEBUG c.z.h.p.PoolBase - HikariPool-7 - Established new connection (163d9ab6-3af9-46bd-93fd-bcad007d7fae)
2025-12-26 23:11:29 DEBUG c.z.h.p.HikariPool - HikariPool-7 - Added connection com.mysql.cj.jdbc.ConnectionImpl@6a06570a
2025-12-26 23:11:29 DEBUG c.z.h.p.PoolBase - HikariPool-1 - Established new connection (60c88d87-2363-4d42-8374-577373ca4c88)
2025-12-26 23:11:29 INFO  c.z.h.p.HikariPool - HikariPool-1 - Added connection com.mysql.cj.jdbc.ConnectionImpl@31fc658f
2025-12-26 23:11:29 INFO  c.z.h.HikariDataSource - HikariPool-1 - Start completed.
2025-12-26 23:11:29 DEBUG o.h.o.jdbc - HHH100017: Database:
	name: MySQL
	version: 9.5.0
	major: 9
	minor: 5
2025-12-26 23:11:29 DEBUG o.h.o.jdbc - HHH100018: Driver:
	name: MySQL Connector/J
	version: mysql-connector-j-9.5.0 (Revision: a7b3c94f50efbddb9f0dd69b3e0d1aaa25305cd6)
	major: 9
	minor: 5
	JDBC version: 4.2
2025-12-26 23:11:29 DEBUG c.z.h.p.HikariPool - HikariPool-7 - After adding stats (total=8/10, idle=8/10, active=0, waiting=0)
2025-12-26 23:11:29 DEBUG c.z.h.p.PoolBase - HikariPool-7 - Attempting to create/setup new connection (f96a506f-948a-45a6-a46d-9645881e13a5)
2025-12-26 23:11:29 DEBUG o.h.o.dialect - HHH035001: Using dialect: org.hibernate.dialect.MySQLDialect, version: 9.5
2025-12-26 23:11:29 DEBUG c.z.h.p.PoolBase - HikariPool-7 - Established new connection (f96a506f-948a-45a6-a46d-9645881e13a5)
2025-12-26 23:11:29 DEBUG c.z.h.p.HikariPool - HikariPool-7 - Added connection com.mysql.cj.jdbc.ConnectionImpl@f7dc529
2025-12-26 23:11:29 DEBUG o.h.e.j.e.s.IdentifierHelperBuilder - IdentifierCaseStrategy for both quoted and unquoted identifiers was set to the same strategy [MIXED]; that will likely lead to problems in schema update and validation if using quoted identifiers
2025-12-26 23:11:29 DEBUG o.h.o.jdbc - HHH100122: Using default JDBC fetch size: 0
2025-12-26 23:11:29 INFO  o.h.o.c.pooling - HHH10001005: Database info:
	Database JDBC URL [jdbc:mysql://localhost:3306/prod-ready-features?useSSL=false]
	Database driver: MySQL Connector/J
	Database dialect: MySQLDialect
	Database version: 9.5
	Default catalog/schema: prod-ready-features/undefined
	Autocommit mode: undefined/unknown
	Isolation level: REPEATABLE_READ [default REPEATABLE_READ]
	JDBC fetch size: none
	Pool: DataSourceConnectionProvider
	Minimum pool size: undefined/unknown
	Maximum pool size: undefined/unknown
2025-12-26 23:11:29 DEBUG c.z.h.p.HikariPool - HikariPool-7 - After adding stats (total=9/10, idle=9/10, active=0, waiting=0)
2025-12-26 23:11:29 DEBUG c.z.h.p.PoolBase - HikariPool-7 - Attempting to create/setup new connection (232780e8-c930-488d-b918-c02fb35a9644)
2025-12-26 23:11:29 DEBUG c.z.h.p.PoolBase - HikariPool-7 - Established new connection (232780e8-c930-488d-b918-c02fb35a9644)
2025-12-26 23:11:29 DEBUG c.z.h.p.HikariPool - HikariPool-7 - Added connection com.mysql.cj.jdbc.ConnectionImpl@29922292
2025-12-26 23:11:29 DEBUG o.h.e.c.i.m.AuditMetadataGenerator - Generating first-pass auditing mapping for entity com.projects.parthiv.projection_ready_features.entities.PostEntity
2025-12-26 23:11:29 INFO  o.h.e.c.i.m.AuditMetadataGenerator - Adding properties for entity: com.projects.parthiv.projection_ready_features.entities.PostEntity
2025-12-26 23:11:29 DEBUG o.h.e.c.i.m.AuditMetadataGenerator - Generating second-pass auditing mapping for entity com.projects.parthiv.projection_ready_features.entities.PostEntity
2025-12-26 23:11:29 DEBUG c.z.h.p.HikariPool - HikariPool-7 - After adding stats (total=10/10, idle=10/10, active=0, waiting=0)
2025-12-26 23:11:29 DEBUG c.z.h.p.HikariPool - HikariPool-1 - Pool stats (total=1/10, idle=1/10, active=0, waiting=0)
2025-12-26 23:11:29 DEBUG c.z.h.p.PoolBase - HikariPool-1 - Attempting to create/setup new connection (0b620ad9-3976-4278-965f-daa3b1afb532)
2025-12-26 23:11:29 DEBUG c.z.h.p.PoolBase - HikariPool-1 - Established new connection (0b620ad9-3976-4278-965f-daa3b1afb532)
2025-12-26 23:11:29 DEBUG c.z.h.p.HikariPool - HikariPool-1 - Added connection com.mysql.cj.jdbc.ConnectionImpl@70394525
2025-12-26 23:11:29 DEBUG o.s.o.j.h.SpringBeanContainer - Falling back to Hibernate's default producer after bean creation failure for interface org.hibernate.context.spi.CurrentTenantIdentifierResolver: org.springframework.beans.factory.NoSuchBeanDefinitionException: No qualifying bean of type 'org.hibernate.context.spi.CurrentTenantIdentifierResolver<?>' available
2025-12-26 23:11:29 DEBUG o.s.o.j.h.SpringBeanContainer - Falling back to Hibernate's default producer after bean creation failure for interface org.hibernate.context.spi.TenantSchemaMapper: org.springframework.beans.factory.NoSuchBeanDefinitionException: No qualifying bean of type 'org.hibernate.context.spi.TenantSchemaMapper<?>' available
2025-12-26 23:11:29 DEBUG c.z.h.p.HikariPool - HikariPool-1 - After adding stats (total=2/10, idle=2/10, active=0, waiting=0)
2025-12-26 23:11:29 DEBUG c.z.h.p.PoolBase - HikariPool-1 - Attempting to create/setup new connection (96355397-21da-4c6c-abda-a6f436a2b00a)
2025-12-26 23:11:29 DEBUG c.z.h.p.PoolBase - HikariPool-1 - Established new connection (96355397-21da-4c6c-abda-a6f436a2b00a)
2025-12-26 23:11:29 DEBUG c.z.h.p.HikariPool - HikariPool-1 - Added connection com.mysql.cj.jdbc.ConnectionImpl@1016ba6a
2025-12-26 23:11:29 DEBUG o.h.o.factory - HHH90020001: Instantiating factory [41ad6300-ad5c-42f8-a546-7d5a8bc506a7] with settings: {hibernate.format_sql=true, java.specification.version=25, hibernate.resource.beans.container=org.springframework.orm.jpa.hibernate.SpringBeanContainer@47cf922d, hibernate.connection.handling_mode=DELAYED_ACQUISITION_AND_HOLD, sun.jnu.encoding=UTF-8, hibernate.implicit_naming_strategy=org.springframework.boot.hibernate.SpringImplicitNamingStrategy, java.class.path=/Users/parthiv/.m2/repository/org/junit/platform/junit-platform-launcher/6.0.1/junit-platform-launcher-6.0.1.jar:/Applications/IntelliJ IDEA CE.app/Contents/lib/idea_rt.jar:/Applications/IntelliJ IDEA CE.app/Contents/plugins/junit/lib/junit5-rt.jar:/Applications/IntelliJ IDEA CE.app/Contents/plugins/junit/lib/junit-rt.jar:/Users/parthiv/Downloads/projection-ready-features/target/test-classes:/Users/parthiv/Downloads/projection-ready-features/target/classes:/Users/parthiv/.m2/repository/org/springframework/boot/spring-boot-starter-data-jpa/4.0.1/spring-boot-starter-data-jpa-4.0.1.jar:/Users/parthiv/.m2/repository/org/springframework/boot/spring-boot-starter/4.0.1/spring-boot-starter-4.0.1.jar:/Users/parthiv/.m2/repository/org/springframework/boot/spring-boot-starter-logging/4.0.1/spring-boot-starter-logging-4.0.1.jar:/Users/parthiv/.m2/repository/ch/qos/logback/logback-classic/1.5.22/logback-classic-1.5.22.jar:/Users/parthiv/.m2/repository/ch/qos/logback/logback-core/1.5.22/logback-core-1.5.22.jar:/Users/parthiv/.m2/repository/org/apache/logging/log4j/log4j-to-slf4j/2.25.3/log4j-to-slf4j-2.25.3.jar:/Users/parthiv/.m2/repository/org/apache/logging/log4j/log4j-api/2.25.3/log4j-api-2.25.3.jar:/Users/parthiv/.m2/repository/org/slf4j/jul-to-slf4j/2.0.17/jul-to-slf4j-2.0.17.jar:/Users/parthiv/.m2/repository/jakarta/annotation/jakarta.annotation-api/3.0.0/jakarta.annotation-api-3.0.0.jar:/Users/parthiv/.m2/repository/org/yaml/snakeyaml/2.5/snakeyaml-2.5.jar:/Users/parthiv/.m2/repository/org/springframework/boot/spring-boot-starter-jdbc/4.0.1/spring-boot-starter-jdbc-4.0.1.jar:/Users/parthiv/.m2/repository/com/zaxxer/HikariCP/7.0.2/HikariCP-7.0.2.jar:/Users/parthiv/.m2/repository/org/slf4j/slf4j-api/2.0.17/slf4j-api-2.0.17.jar:/Users/parthiv/.m2/repository/org/springframework/boot/spring-boot-data-jpa/4.0.1/spring-boot-data-jpa-4.0.1.jar:/Users/parthiv/.m2/repository/org/springframework/boot/spring-boot-data-commons/4.0.1/spring-boot-data-commons-4.0.1.jar:/Users/parthiv/.m2/repository/org/springframework/boot/spring-boot-persistence/4.0.1/spring-boot-persistence-4.0.1.jar:/Users/parthiv/.m2/repository/org/springframework/data/spring-data-commons/4.0.1/spring-data-commons-4.0.1.jar:/Users/parthiv/.m2/repository/org/springframework/boot/spring-boot-hibernate/4.0.1/spring-boot-hibernate-4.0.1.jar:/Users/parthiv/.m2/repository/org/springframework/boot/spring-boot-jpa/4.0.1/spring-boot-jpa-4.0.1.jar:/Users/parthiv/.m2/repository/org/springframework/spring-orm/7.0.2/spring-orm-7.0.2.jar:/Users/parthiv/.m2/repository/org/springframework/data/spring-data-jpa/4.0.1/spring-data-jpa-4.0.1.jar:/Users/parthiv/.m2/repository/org/springframework/spring-aop/7.0.2/spring-aop-7.0.2.jar:/Users/parthiv/.m2/repository/org/springframework/spring-tx/7.0.2/spring-tx-7.0.2.jar:/Users/parthiv/.m2/repository/org/springframework/spring-beans/7.0.2/spring-beans-7.0.2.jar:/Users/parthiv/.m2/repository/org/springframework/spring-aspects/7.0.2/spring-aspects-7.0.2.jar:/Users/parthiv/.m2/repository/org/aspectj/aspectjweaver/1.9.25.1/aspectjweaver-1.9.25.1.jar:/Users/parthiv/.m2/repository/org/springframework/boot/spring-boot-jdbc/4.0.1/spring-boot-jdbc-4.0.1.jar:/Users/parthiv/.m2/repository/org/springframework/boot/spring-boot-sql/4.0.1/spring-boot-sql-4.0.1.jar:/Users/parthiv/.m2/repository/org/springframework/boot/spring-boot-transaction/4.0.1/spring-boot-transaction-4.0.1.jar:/Users/parthiv/.m2/repository/org/springframework/spring-jdbc/7.0.2/spring-jdbc-7.0.2.jar:/Users/parthiv/.m2/repository/org/springframework/boot/spring-boot-starter-webmvc/4.0.1/spring-boot-starter-webmvc-4.0.1.jar:/Users/parthiv/.m2/repository/org/springframework/boot/spring-boot-starter-jackson/4.0.1/spring-boot-starter-jackson-4.0.1.jar:/Users/parthiv/.m2/repository/org/springframework/boot/spring-boot-jackson/4.0.1/spring-boot-jackson-4.0.1.jar:/Users/parthiv/.m2/repository/tools/jackson/core/jackson-databind/3.0.3/jackson-databind-3.0.3.jar:/Users/parthiv/.m2/repository/com/fasterxml/jackson/core/jackson-annotations/2.20/jackson-annotations-2.20.jar:/Users/parthiv/.m2/repository/tools/jackson/core/jackson-core/3.0.3/jackson-core-3.0.3.jar:/Users/parthiv/.m2/repository/org/springframework/boot/spring-boot-starter-tomcat/4.0.1/spring-boot-starter-tomcat-4.0.1.jar:/Users/parthiv/.m2/repository/org/springframework/boot/spring-boot-starter-tomcat-runtime/4.0.1/spring-boot-starter-tomcat-runtime-4.0.1.jar:/Users/parthiv/.m2/repository/org/apache/tomcat/embed/tomcat-embed-core/11.0.15/tomcat-embed-core-11.0.15.jar:/Users/parthiv/.m2/repository/org/apache/tomcat/embed/tomcat-embed-el/11.0.15/tomcat-embed-el-11.0.15.jar:/Users/parthiv/.m2/repository/org/apache/tomcat/embed/tomcat-embed-websocket/11.0.15/tomcat-embed-websocket-11.0.15.jar:/Users/parthiv/.m2/repository/org/springframework/boot/spring-boot-tomcat/4.0.1/spring-boot-tomcat-4.0.1.jar:/Users/parthiv/.m2/repository/org/springframework/boot/spring-boot-http-converter/4.0.1/spring-boot-http-converter-4.0.1.jar:/Users/parthiv/.m2/repository/org/springframework/spring-web/7.0.2/spring-web-7.0.2.jar:/Users/parthiv/.m2/repository/io/micrometer/micrometer-observation/1.16.1/micrometer-observation-1.16.1.jar:/Users/parthiv/.m2/repository/io/micrometer/micrometer-commons/1.16.1/micrometer-commons-1.16.1.jar:/Users/parthiv/.m2/repository/org/springframework/boot/spring-boot-webmvc/4.0.1/spring-boot-webmvc-4.0.1.jar:/Users/parthiv/.m2/repository/org/springframework/boot/spring-boot-servlet/4.0.1/spring-boot-servlet-4.0.1.jar:/Users/parthiv/.m2/repository/org/springframework/spring-webmvc/7.0.2/spring-webmvc-7.0.2.jar:/Users/parthiv/.m2/repository/org/springframework/spring-expression/7.0.2/spring-expression-7.0.2.jar:/Users/parthiv/.m2/repository/com/mysql/mysql-connector-j/9.5.0/mysql-connector-j-9.5.0.jar:/Users/parthiv/.m2/repository/org/projectlombok/lombok/1.18.42/lombok-1.18.42.jar:/Users/parthiv/.m2/repository/org/springframework/boot/spring-boot-starter-data-jpa-test/4.0.1/spring-boot-starter-data-jpa-test-4.0.1.jar:/Users/parthiv/.m2/repository/org/springframework/boot/spring-boot-starter-test/4.0.1/spring-boot-starter-test-4.0.1.jar:/Users/parthiv/.m2/repository/org/springframework/boot/spring-boot-test/4.0.1/spring-boot-test-4.0.1.jar:/Users/parthiv/.m2/repository/org/springframework/boot/spring-boot-test-autoconfigure/4.0.1/spring-boot-test-autoconfigure-4.0.1.jar:/Users/parthiv/.m2/repository/com/jayway/jsonpath/json-path/2.10.0/json-path-2.10.0.jar:/Users/parthiv/.m2/repository/net/minidev/json-smart/2.6.0/json-smart-2.6.0.jar:/Users/parthiv/.m2/repository/net/minidev/accessors-smart/2.6.0/accessors-smart-2.6.0.jar:/Users/parthiv/.m2/repository/org/ow2/asm/asm/9.7.1/asm-9.7.1.jar:/Users/parthiv/.m2/repository/org/assertj/assertj-core/3.27.6/assertj-core-3.27.6.jar:/Users/parthiv/.m2/repository/org/awaitility/awaitility/4.3.0/awaitility-4.3.0.jar:/Users/parthiv/.m2/repository/org/hamcrest/hamcrest/3.0/hamcrest-3.0.jar:/Users/parthiv/.m2/repository/org/junit/jupiter/junit-jupiter/6.0.1/junit-jupiter-6.0.1.jar:/Users/parthiv/.m2/repository/org/junit/jupiter/junit-jupiter-api/6.0.1/junit-jupiter-api-6.0.1.jar:/Users/parthiv/.m2/repository/org/opentest4j/opentest4j/1.3.0/opentest4j-1.3.0.jar:/Users/parthiv/.m2/repository/org/junit/platform/junit-platform-commons/6.0.1/junit-platform-commons-6.0.1.jar:/Users/parthiv/.m2/repository/org/apiguardian/apiguardian-api/1.1.2/apiguardian-api-1.1.2.jar:/Users/parthiv/.m2/repository/org/junit/jupiter/junit-jupiter-params/6.0.1/junit-jupiter-params-6.0.1.jar:/Users/parthiv/.m2/repository/org/junit/jupiter/junit-jupiter-engine/6.0.1/junit-jupiter-engine-6.0.1.jar:/Users/parthiv/.m2/repository/org/junit/platform/junit-platform-engine/6.0.1/junit-platform-engine-6.0.1.jar:/Users/parthiv/.m2/repository/org/mockito/mockito-core/5.20.0/mockito-core-5.20.0.jar:/Users/parthiv/.m2/repository/net/bytebuddy/byte-buddy-agent/1.17.8/byte-buddy-agent-1.17.8.jar:/Users/parthiv/.m2/repository/org/objenesis/objenesis/3.3/objenesis-3.3.jar:/Users/parthiv/.m2/repository/org/mockito/mockito-junit-jupiter/5.20.0/mockito-junit-jupiter-5.20.0.jar:/Users/parthiv/.m2/repository/org/skyscreamer/jsonassert/1.5.3/jsonassert-1.5.3.jar:/Users/parthiv/.m2/repository/com/vaadin/external/google/android-json/0.0.20131108.vaadin1/android-json-0.0.20131108.vaadin1.jar:/Users/parthiv/.m2/repository/org/springframework/spring-core/7.0.2/spring-core-7.0.2.jar:/Users/parthiv/.m2/repository/commons-logging/commons-logging/1.3.5/commons-logging-1.3.5.jar:/Users/parthiv/.m2/repository/org/jspecify/jspecify/1.0.0/jspecify-1.0.0.jar:/Users/parthiv/.m2/repository/org/springframework/spring-test/7.0.2/spring-test-7.0.2.jar:/Users/parthiv/.m2/repository/org/xmlunit/xmlunit-core/2.10.4/xmlunit-core-2.10.4.jar:/Users/parthiv/.m2/repository/org/springframework/boot/spring-boot-starter-jdbc-test/4.0.1/spring-boot-starter-jdbc-test-4.0.1.jar:/Users/parthiv/.m2/repository/org/springframework/boot/spring-boot-jdbc-test/4.0.1/spring-boot-jdbc-test-4.0.1.jar:/Users/parthiv/.m2/repository/org/springframework/boot/spring-boot-data-jpa-test/4.0.1/spring-boot-data-jpa-test-4.0.1.jar:/Users/parthiv/.m2/repository/org/springframework/boot/spring-boot-jpa-test/4.0.1/spring-boot-jpa-test-4.0.1.jar:/Users/parthiv/.m2/repository/org/springframework/boot/spring-boot-starter-webmvc-test/4.0.1/spring-boot-starter-webmvc-test-4.0.1.jar:/Users/parthiv/.m2/repository/org/springframework/boot/spring-boot-starter-jackson-test/4.0.1/spring-boot-starter-jackson-test-4.0.1.jar:/Users/parthiv/.m2/repository/org/springframework/boot/spring-boot-webmvc-test/4.0.1/spring-boot-webmvc-test-4.0.1.jar:/Users/parthiv/.m2/repository/org/springframework/boot/spring-boot-web-server/4.0.1/spring-boot-web-server-4.0.1.jar:/Users/parthiv/.m2/repository/org/springframework/boot/spring-boot-resttestclient/4.0.1/spring-boot-resttestclient-4.0.1.jar:/Users/parthiv/.m2/repository/org/modelmapper/modelmapper/3.2.6/modelmapper-3.2.6.jar:/Users/parthiv/.m2/repository/org/springframework/boot/spring-boot-devtools/4.0.1/spring-boot-devtools-4.0.1.jar:/Users/parthiv/.m2/repository/org/springframework/boot/spring-boot/4.0.1/spring-boot-4.0.1.jar:/Users/parthiv/.m2/repository/org/springframework/spring-context/7.0.2/spring-context-7.0.2.jar:/Users/parthiv/.m2/repository/org/springframework/boot/spring-boot-autoconfigure/4.0.1/spring-boot-autoconfigure-4.0.1.jar:/Users/parthiv/.m2/repository/org/hibernate/orm/hibernate-envers/7.2.0.Final/hibernate-envers-7.2.0.Final.jar:/Users/parthiv/.m2/repository/org/hibernate/orm/hibernate-core/7.2.0.Final/hibernate-core-7.2.0.Final.jar:/Users/parthiv/.m2/repository/jakarta/persistence/jakarta.persistence-api/3.2.0/jakarta.persistence-api-3.2.0.jar:/Users/parthiv/.m2/repository/jakarta/transaction/jakarta.transaction-api/2.0.1/jakarta.transaction-api-2.0.1.jar:/Users/parthiv/.m2/repository/com/fasterxml/classmate/1.7.1/classmate-1.7.1.jar:/Users/parthiv/.m2/repository/net/bytebuddy/byte-buddy/1.17.8/byte-buddy-1.17.8.jar:/Users/parthiv/.m2/repository/jakarta/inject/jakarta.inject-api/2.0.1/jakarta.inject-api-2.0.1.jar:/Users/parthiv/.m2/repository/org/antlr/antlr4-runtime/4.13.2/antlr4-runtime-4.13.2.jar:/Users/parthiv/.m2/repository/org/jboss/logging/jboss-logging/3.6.1.Final/jboss-logging-3.6.1.Final.jar:/Users/parthiv/.m2/repository/org/hibernate/models/hibernate-models/1.0.1/hibernate-models-1.0.1.jar:/Users/parthiv/.m2/repository/jakarta/xml/bind/jakarta.xml.bind-api/4.0.4/jakarta.xml.bind-api-4.0.4.jar:/Users/parthiv/.m2/repository/jakarta/activation/jakarta.activation-api/2.1.4/jakarta.activation-api-2.1.4.jar:/Users/parthiv/.m2/repository/org/glassfish/jaxb/jaxb-runtime/4.0.6/jaxb-runtime-4.0.6.jar:/Users/parthiv/.m2/repository/org/glassfish/jaxb/jaxb-core/4.0.6/jaxb-core-4.0.6.jar:/Users/parthiv/.m2/repository/org/eclipse/angus/angus-activation/2.0.3/angus-activation-2.0.3.jar:/Users/parthiv/.m2/repository/org/glassfish/jaxb/txw2/4.0.6/txw2-4.0.6.jar:/Users/parthiv/.m2/repository/com/sun/istack/istack-commons-runtime/4.1.2/istack-commons-runtime-4.1.2.jar:/Users/parthiv/.m2/repository/io/smallrye/jandex/3.3.2/jandex-3.3.2.jar, kotlinx.coroutines.debug.enable.mutable.state.flows.stack.trace=true, java.vm.vendor=Oracle Corporation, sun.arch.data.model=64, idea.test.cyclic.buffer.size=1048576, java.vendor.url=https://java.oracle.com/, user.timezone=Asia/Kolkata, jakarta.persistence.sharedCache.mode=UNSPECIFIED, org.jboss.logging.provider=slf4j, os.name=Mac OS X, java.vm.specification.version=25, APPLICATION_NAME=projection-ready-features, jakarta.persistence.nonJtaDataSource=HikariDataSource (HikariPool-1), user.country=IN, sun.java.launcher=SUN_STANDARD, sun.boot.library.path=/Library/Java/JavaVirtualMachines/jdk-25.jdk/Contents/Home/lib, sun.java.command=com.intellij.rt.junit.JUnitStarter -ideVersion5 -junit5 com.projects.parthiv.projection_ready_features.ProjectionReadyFeaturesApplicationTests, javax.persistence.nonJtaDataSource=HikariDataSource (HikariPool-1), hibernate.transaction.jta.platform=org.hibernate.engine.transaction.jta.platform.internal.NoJtaPlatform@6b64921f, http.nonProxyHosts=local|*.local|169.254/16|*.169.254/16, jdk.debug=release, sun.cpu.endian=little, hibernate.cdi.extensions=true, user.home=/Users/parthiv, user.language=en, sun.stderr.encoding=UTF-8, java.specification.vendor=Oracle Corporation, java.version.date=2025-09-16, java.home=/Library/Java/JavaVirtualMachines/jdk-25.jdk/Contents/Home, file.separator=/, java.vm.compressedOopsMode=Zero based, sun.stdout.encoding=UTF-8, line.separator=
, hibernate.persistenceUnitName=default, java.vm.specification.vendor=Oracle Corporation, java.specification.name=Java Platform API Specification, intellij.debug.agent=true, FILE_LOG_CHARSET=UTF-8, hibernate.transaction.coordinator_class=class org.hibernate.resource.transaction.backend.jdbc.internal.JdbcResourceLocalTransactionCoordinatorBuilderImpl, java.awt.headless=true, apple.awt.application.name=JUnitStarter, jakarta.persistence.validation.mode=AUTO, hibernate.hbm2ddl.auto=create, sun.management.compiler=HotSpot 64-Bit Tiered Compilers, ftp.nonProxyHosts=local|*.local|169.254/16|*.169.254/16, java.runtime.version=25+37-LTS-3491, user.name=parthiv, stdout.encoding=UTF-8, path.separator=:, kotlinx.coroutines.debug.enable.creation.stack.trace=false, os.version=15.6, java.runtime.name=Java(TM) SE Runtime Environment, file.encoding=UTF-8, java.vm.name=Java HotSpot(TM) 64-Bit Server VM, hibernate.show_sql=true, LOG_FILE=application.log, java.vendor.url.bug=https://bugreport.java.com/bugreport/, java.io.tmpdir=/var/folders/hy/rg1ydk8n517db2_6bb0qdjdm0000gn/T/, java.version=25, jboss.modules.system.pkgs=com.intellij.rt, hibernate.physical_naming_strategy=org.hibernate.boot.model.naming.PhysicalNamingStrategySnakeCaseImpl, user.dir=/Users/parthiv/Downloads/projection-ready-features, os.arch=aarch64, java.vm.specification.name=Java Virtual Machine Specification, PID=82792, CONSOLE_LOG_CHARSET=UTF-8, hibernate.boot.CfgXmlAccessService.key=org.hibernate.boot.registry.StandardServiceRegistryBuilder$1@439d649c, native.encoding=UTF-8, kotlinx.coroutines.debug.enable.flows.stack.trace=true, java.library.path=/Users/parthiv/Library/Java/Extensions:/Library/Java/Extensions:/Network/Library/Java/Extensions:/System/Library/Java/Extensions:/usr/lib/java:., stderr.encoding=UTF-8, java.vendor=Oracle Corporation, java.vm.info=mixed mode, sharing, java.vm.version=25+37-LTS-3491, stdin.encoding=UTF-8, sun.io.unicode.encoding=UnicodeBig, hibernate.archive.scanner=org.hibernate.boot.archive.scan.internal.DisabledScanner, hibernate.connection.datasource=HikariDataSource (HikariPool-1), socksNonProxyHosts=local|*.local|169.254/16|*.169.254/16, debugger.agent.enable.coroutines=true, CONSOLE_LOG_PATTERN=%d [%c] --- %m%n, java.class.version=69.0, LOGGED_APPLICATION_NAME=[projection-ready-features] }
2025-12-26 23:11:29 DEBUG c.z.h.p.HikariPool - HikariPool-1 - After adding stats (total=3/10, idle=3/10, active=0, waiting=0)
2025-12-26 23:11:29 DEBUG c.z.h.p.PoolBase - HikariPool-1 - Attempting to create/setup new connection (8a7320de-479e-4186-91a8-a6ee7304003b)
2025-12-26 23:11:29 DEBUG c.z.h.p.PoolBase - HikariPool-1 - Established new connection (8a7320de-479e-4186-91a8-a6ee7304003b)
2025-12-26 23:11:29 DEBUG c.z.h.p.HikariPool - HikariPool-1 - Added connection com.mysql.cj.jdbc.ConnectionImpl@145846dd
2025-12-26 23:11:29 DEBUG o.h.HQL_FUNCTIONS - Available HQL Functions:
	_order_by_frag(arg0, arg1)
	abs(NUMERIC arg)
	Double acos(NUMERIC arg)
	adddate(DATE datetime, INTEGER days)
	addtime(TIME datetime, TIME time)
	Boolean any(BOOLEAN arg)
	Integer ascii(STRING arg)
	Double asin(NUMERIC arg)
	Double atan(NUMERIC arg)
	Double atan2(NUMERIC arg0, NUMERIC arg1)
	avg(arg)
	bit_and(arg)
	Integer bit_length(STRING_OR_CLOB arg)
	bit_or(arg)
	bitand(arg0, arg1)
	bitnot(arg)
	bitor(arg0, arg1)
	bitxor(arg0, arg1)
	cast(arg as Type)
	ceiling(NUMERIC arg)
	Character char(INTEGER arg)
	Integer character_length(STRING_OR_CLOB arg)
	Character chr(INTEGER arg)
	coalesce(arg0[, arg1[, ...]])
	String collate(STRING string as COLLATION collation)
	String concat(STRING string0[, STRING string1[, ...]])
	Double cos(NUMERIC arg)
	Double cosh(NUMERIC arg)
	Double cot(NUMERIC arg)
	Long count([distinct ]{arg|*})
	Integer crc32(arg)
	Double cume_dist([arg0[, ...]])
	Date curdate()
	Date current date
	Time current time
	Timestamp current timestamp
	Date current_date
	Instant current_instant
	Time current_time
	Timestamp current_timestamp
	Time curtime()
	Date date(arg)
	dateadd(TEMPORAL_UNIT field, INTEGER magnitude, TEMPORAL datetime)
	Integer datediff(DATE end, DATE start)
	Integer day(DATE arg)
	String dayname(DATE arg)
	Integer dayofmonth(DATE arg)
	Integer dayofweek(DATE arg)
	Integer dayofyear(DATE arg)
	Double degrees(NUMERIC arg)
	Long dense_rank([arg0[, ...]])
	Boolean every(BOOLEAN arg)
	Double exp(NUMERIC arg)
	extract(TEMPORAL_UNIT field from TEMPORAL arg)
	first_valueANY value
	floor(NUMERIC arg)
	String format(TEMPORAL datetime as STRING pattern)
	greatest(COMPARABLE arg0, COMPARABLE arg1[, arg2[, ...]])
	String hex(arg)
	Integer hour(TIME arg)
	ifnull(arg0, arg1)
	String insert(STRING string, INTEGER start, INTEGER length, STRING replacement)
	Instant instant
	Integer instr(STRING string, STRING pattern[, INTEGER start[, INTEGER occurrence]])
	String json_array([arg0[, ...]])
	String json_array_append(IMPLICIT_JSON arg0, STRING arg1, ANY arg2)
	String json_array_insert(IMPLICIT_JSON arg0, STRING arg1, ANY arg2)
	String json_arrayagg(arg0[, arg1])
	Boolean json_exists(IMPLICIT_JSON arg0, STRING arg1)
	String json_insert(IMPLICIT_JSON arg0, STRING arg1, ANY arg2)
	String json_mergepatch(IMPLICIT_JSON arg0, IMPLICIT_JSON arg1[, arg2[, ...]])
	String json_object( ... )
	String json_objectagg(arg0, arg1[, arg2, arg3])
	String json_query( ... )
	String json_remove(IMPLICIT_JSON arg0, STRING arg1)
	String json_replace(IMPLICIT_JSON arg0, STRING arg1, ANY arg2)
	String json_set(IMPLICIT_JSON arg0, STRING arg1, ANY arg2)
	json_value( ... )
	lagANY value[, INTEGER offset[, ANY default]]
	Date last_day(DATE arg)
	last_valueANY value
	leadANY value[, INTEGER offset[, ANY default]]
	least(COMPARABLE arg0, COMPARABLE arg1[, arg2[, ...]])
	String left(STRING string, INTEGER length)
	Integer length(STRING_OR_CLOB arg)
	String listagg(STRING arg0, STRING arg1)
	Double ln(NUMERIC arg)
	LocalDate local date
	LocalDateTime local datetime
	LocalTime local time
	LocalDate local_date
	LocalDateTime local_datetime
	LocalTime local_time
	Time localtime
	Timestamp localtimestamp
	Integer locate(STRING pattern, STRING string[, INTEGER start])
	Double log(NUMERIC arg0[, NUMERIC arg1])
	Double log10(NUMERIC arg)
	Double log2(NUMERIC arg)
	String lower(STRING string)
	String lpad(string, length[, padding])
	String ltrim(STRING string[, STRING characters])
	Date makedate(INTEGER year, INTEGER dayofyear)
	Time maketime(INTEGER hour, INTEGER min, INTEGER sec)
	max(COMPARABLE arg)
	byte[] md5(arg)
	Integer microsecond(TIME arg)
	min(COMPARABLE arg)
	Integer minute(TIME arg)
	Integer mod(INTEGER arg0, INTEGER arg1)
	Integer month(DATE arg)
	String monthname(DATE arg)
	Timestamp now()
	nth_valueANY value, INTEGER nth
	nullif(arg0, arg1)
	Integer octet_length(STRING_OR_CLOB arg)
	OffsetDateTime offset datetime
	OffsetDateTime offset_datetime
	Integer ordinal(ENUM arg)
	String overlay(STRING string placing STRING replacement from INTEGER start[ for INTEGER length])
	String pad(STRING string with INTEGER length {leading|trailing}[ STRING character])
	Double percent_rank([arg0[, ...]])
	Double pi
	Integer position(STRING pattern in STRING string)
	Double power(NUMERIC arg0, NUMERIC arg1)
	Integer quarter(DATE arg)
	Double radians(NUMERIC arg)
	Double rand([INTEGER seed])
	Long rank([arg0[, ...]])
	Boolean regexp_like(STRING arg0, STRING arg1[, STRING arg2])
	String repeat(STRING string, INTEGER times)
	String replace(STRING string, STRING pattern, STRING replacement)
	String reverse(STRING arg)
	String right(STRING string, INTEGER length)
	round(NUMERIC number[, INTEGER places])
	Long row_number()
	String rpad(string, length[, padding])
	String rtrim(STRING string[, STRING characters])
	Integer second(TIME arg)
	byte[] sha(arg)
	String sha1(arg)
	String sha2(arg0, arg1)
	Integer sign(NUMERIC arg)
	Double sin(NUMERIC arg)
	Double sinh(NUMERIC arg)
	String soundex(arg)
	String space(INTEGER arg)
	sql
	Double sqrt(NUMERIC arg)
	Double stddev(NUMERIC arg)
	Double stddev_pop(NUMERIC arg)
	Double stddev_samp(NUMERIC arg)
	String str(arg)
	String string(ENUM arg)
	subdate(DATE datetime, INTEGER days)
	String substr(STRING string, INTEGER start[, INTEGER length])
	String substring(STRING string{ from|,} INTEGER start[{ for|,} INTEGER length])
	subtime(TIME datetime, TIME time)
	sum(arg)
	Timestamp sysdate()
	Double tan(NUMERIC arg)
	Double tanh(NUMERIC arg)
	String time(arg)
	Timestamp timestamp(arg0[, arg1])
	timestampadd(TEMPORAL_UNIT field, INTEGER magnitude, TEMPORAL datetime)
	Long|Double timestampdiff(TEMPORAL_UNIT field, TEMPORAL start, TEMPORAL end)
	String trim([[{leading|trailing|both} ][STRING arg0 ]from] STRING arg1)
	trunc( ... )
	truncate( ... )
	String upper(STRING string)
	Date utc_date
	Time utc_time
	Timestamp utc_timestamp
	Double var_pop(NUMERIC arg)
	Double var_samp(NUMERIC arg)
	Double variance(NUMERIC arg)
	Integer week(DATE arg)
	Integer year(DATE arg)

2025-12-26 23:11:29 DEBUG c.z.h.p.HikariPool - HikariPool-1 - After adding stats (total=4/10, idle=4/10, active=0, waiting=0)
2025-12-26 23:11:29 DEBUG c.z.h.p.PoolBase - HikariPool-1 - Attempting to create/setup new connection (29fb6da4-c353-4028-96bc-62f5e3ca57e0)
2025-12-26 23:11:29 DEBUG c.z.h.p.PoolBase - HikariPool-1 - Established new connection (29fb6da4-c353-4028-96bc-62f5e3ca57e0)
2025-12-26 23:11:29 DEBUG c.z.h.p.HikariPool - HikariPool-1 - Added connection com.mysql.cj.jdbc.ConnectionImpl@76a1a0a9
2025-12-26 23:11:29 DEBUG c.z.h.p.HikariPool - HikariPool-1 - After adding stats (total=5/10, idle=5/10, active=0, waiting=0)
2025-12-26 23:11:29 DEBUG c.z.h.p.PoolBase - HikariPool-1 - Attempting to create/setup new connection (068a33cf-de0e-432a-a790-0c0573a28ec3)
2025-12-26 23:11:29 DEBUG c.z.h.p.PoolBase - HikariPool-1 - Established new connection (068a33cf-de0e-432a-a790-0c0573a28ec3)
2025-12-26 23:11:29 DEBUG c.z.h.p.HikariPool - HikariPool-1 - Added connection com.mysql.cj.jdbc.ConnectionImpl@6b80c84d
2025-12-26 23:11:29 DEBUG o.h.o.core - HHH000513: Unable to create the ReflectionOptimizer for [com.projects.parthiv.projection_ready_features.entities.PostEntity]: private accessor [createdBy]
2025-12-26 23:11:29 DEBUG c.z.h.p.HikariPool - HikariPool-1 - After adding stats (total=6/10, idle=6/10, active=0, waiting=0)
2025-12-26 23:11:29 DEBUG c.z.h.p.PoolBase - HikariPool-1 - Attempting to create/setup new connection (0f6e1ed8-e2a3-4d4b-b8e2-feafac63b567)
2025-12-26 23:11:29 DEBUG c.z.h.p.PoolBase - HikariPool-1 - Established new connection (0f6e1ed8-e2a3-4d4b-b8e2-feafac63b567)
2025-12-26 23:11:29 DEBUG c.z.h.p.HikariPool - HikariPool-1 - Added connection com.mysql.cj.jdbc.ConnectionImpl@3b184cb6
2025-12-26 23:11:29 DEBUG c.z.h.p.HikariPool - HikariPool-1 - After adding stats (total=7/10, idle=7/10, active=0, waiting=0)
2025-12-26 23:11:29 DEBUG c.z.h.p.PoolBase - HikariPool-1 - Attempting to create/setup new connection (9b8509de-4d27-4177-8837-64f0018bd8bc)
2025-12-26 23:11:29 DEBUG c.z.h.p.PoolBase - HikariPool-1 - Established new connection (9b8509de-4d27-4177-8837-64f0018bd8bc)
2025-12-26 23:11:29 DEBUG c.z.h.p.HikariPool - HikariPool-1 - Added connection com.mysql.cj.jdbc.ConnectionImpl@4c2823ee
2025-12-26 23:11:29 INFO  o.h.o.core - HHH000489: No JTA platform available (set 'hibernate.transaction.jta.platform' to enable JTA platform integration)
2025-12-26 23:11:29 DEBUG o.h.o.service - HHH010454: EventListenerRegistry access via ServiceRegistry is deprecated - use 'sessionFactory.getEventEngine().getListenerRegistry()' instead
2025-12-26 23:11:29 DEBUG o.h.SQL - 
    alter table posts_aud 
       drop 
       foreign key FKgd2crtj4u69d0y8bba9jwogbi
2025-12-26 23:11:29 DEBUG c.z.h.p.HikariPool - HikariPool-1 - After adding stats (total=8/10, idle=7/10, active=1, waiting=0)
2025-12-26 23:11:29 DEBUG c.z.h.p.PoolBase - HikariPool-1 - Attempting to create/setup new connection (80d92c0d-5138-490d-8727-5c74f3320233)
2025-12-26 23:11:29 DEBUG c.z.h.p.PoolBase - HikariPool-1 - Established new connection (80d92c0d-5138-490d-8727-5c74f3320233)
2025-12-26 23:11:29 DEBUG c.z.h.p.HikariPool - HikariPool-1 - Added connection com.mysql.cj.jdbc.ConnectionImpl@5ef42bef
2025-12-26 23:11:29 DEBUG o.h.SQL - 
    drop table if exists posts
2025-12-26 23:11:29 DEBUG o.h.SQL - 
    drop table if exists posts_aud
2025-12-26 23:11:29 DEBUG o.h.SQL - 
    drop table if exists revinfo
2025-12-26 23:11:29 DEBUG o.h.SQL - 
    create table posts (
        created_date datetime(6) not null,
        id bigint not null auto_increment,
        updated_date datetime(6),
        created_by varchar(255),
        description varchar(255),
        title varchar(255),
        updated_by varchar(255),
        primary key (id)
    ) engine=InnoDB
2025-12-26 23:11:29 DEBUG o.h.SQL - 
    create table posts_aud (
        rev integer not null,
        revtype tinyint,
        created_date datetime(6),
        id bigint not null,
        updated_date datetime(6),
        created_by varchar(255),
        description varchar(255),
        title varchar(255),
        updated_by varchar(255),
        primary key (rev, id)
    ) engine=InnoDB
2025-12-26 23:11:29 DEBUG o.h.SQL - 
    create table revinfo (
        rev integer not null auto_increment,
        revtstmp bigint,
        primary key (rev)
    ) engine=InnoDB
2025-12-26 23:11:29 DEBUG o.h.SQL - 
    alter table posts_aud 
       add constraint FKgd2crtj4u69d0y8bba9jwogbi 
       foreign key (rev) 
       references revinfo (rev)
2025-12-26 23:11:29 DEBUG c.z.h.p.HikariPool - HikariPool-1 - After adding stats (total=9/10, idle=8/10, active=1, waiting=0)
2025-12-26 23:11:29 DEBUG c.z.h.p.PoolBase - HikariPool-1 - Attempting to create/setup new connection (5f7cc7f5-bef2-4d62-88f8-7e92be4b5e60)
2025-12-26 23:11:29 DEBUG c.z.h.p.PoolBase - HikariPool-1 - Established new connection (5f7cc7f5-bef2-4d62-88f8-7e92be4b5e60)
2025-12-26 23:11:29 DEBUG c.z.h.p.HikariPool - HikariPool-1 - Added connection com.mysql.cj.jdbc.ConnectionImpl@1682685a
2025-12-26 23:11:29 DEBUG o.h.o.factoryRegistry - HHH020384: Registering SessionFactory [41ad6300-ad5c-42f8-a546-7d5a8bc506a7] (default)
2025-12-26 23:11:29 INFO  o.s.o.j.LocalContainerEntityManagerFactoryBean - Initialized JPA EntityManagerFactory for persistence unit 'default'
2025-12-26 23:11:29 DEBUG o.s.b.f.s.DefaultListableBeanFactory - Creating shared instance of singleton bean 'projectionReadyFeaturesApplication'
2025-12-26 23:11:29 DEBUG o.s.b.f.s.DefaultListableBeanFactory - Creating shared instance of singleton bean 'globalExceptionHandler'
2025-12-26 23:11:29 DEBUG o.s.b.f.s.DefaultListableBeanFactory - Creating shared instance of singleton bean 'appConfig'
2025-12-26 23:11:29 DEBUG o.s.b.f.s.DefaultListableBeanFactory - Creating shared instance of singleton bean 'restClientConfig'
2025-12-26 23:11:29 DEBUG o.s.c.e.PropertySourcesPropertyResolver - Found key 'employeeService.base.url' in PropertySource 'environmentProperties' with value of type String
2025-12-26 23:11:29 DEBUG o.s.b.f.s.DefaultListableBeanFactory - Creating shared instance of singleton bean 'auditController'
2025-12-26 23:11:29 DEBUG o.s.b.f.s.DefaultListableBeanFactory - Creating shared instance of singleton bean 'postController'
2025-12-26 23:11:29 DEBUG o.s.b.f.s.DefaultListableBeanFactory - Creating shared instance of singleton bean 'postServiceImpl'
2025-12-26 23:11:29 DEBUG o.s.b.f.s.DefaultListableBeanFactory - Creating shared instance of singleton bean 'postRepository'
2025-12-26 23:11:29 DEBUG o.s.b.f.s.DefaultListableBeanFactory - Creating shared instance of singleton bean 'jpa.named-queries#0'
2025-12-26 23:11:29 DEBUG o.s.b.f.s.DefaultListableBeanFactory - Creating shared instance of singleton bean 'jpa.PostRepository.fragments#0'
2025-12-26 23:11:29 DEBUG o.s.b.f.s.DefaultListableBeanFactory - Creating shared instance of singleton bean 'jpaSharedEM_entityManagerFactory'
2025-12-26 23:11:29 DEBUG o.s.b.f.s.DefaultListableBeanFactory - Creating shared instance of singleton bean 'jpaMappingContext'
2025-12-26 23:11:29 DEBUG o.s.d.j.r.c.JpaMetamodelMappingContextFactoryBean - Initializing JpaMetamodelMappingContext…
2025-12-26 23:11:29 DEBUG c.z.h.p.HikariPool - HikariPool-1 - After adding stats (total=10/10, idle=10/10, active=0, waiting=0)
2025-12-26 23:11:29 DEBUG o.s.d.j.r.c.JpaMetamodelMappingContextFactoryBean - Finished initializing JpaMetamodelMappingContext
2025-12-26 23:11:29 INFO  o.s.d.j.r.q.QueryEnhancerFactories - Hibernate is in classpath; If applicable, HQL parser will be used.
2025-12-26 23:11:29 DEBUG o.s.d.r.c.s.RepositoryFactorySupport - Initializing repository instance for com.projects.parthiv.projection_ready_features.repositories.PostRepository…
2025-12-26 23:11:29 DEBUG o.s.d.r.c.s.RepositoryFactorySupport - Finished creation of repository instance for com.projects.parthiv.projection_ready_features.repositories.PostRepository.
2025-12-26 23:11:29 DEBUG o.s.b.f.s.DefaultListableBeanFactory - Creating shared instance of singleton bean 'getModelMapper'
2025-12-26 23:11:29 DEBUG o.s.b.f.s.DefaultListableBeanFactory - Autowiring by type from bean name 'postServiceImpl' via constructor to bean named 'postRepository'
2025-12-26 23:11:29 DEBUG o.s.b.f.s.DefaultListableBeanFactory - Autowiring by type from bean name 'postServiceImpl' via constructor to bean named 'getModelMapper'
2025-12-26 23:11:29 DEBUG o.s.b.f.s.DefaultListableBeanFactory - Autowiring by type from bean name 'postController' via constructor to bean named 'postServiceImpl'
2025-12-26 23:11:29 DEBUG o.s.b.f.s.DefaultListableBeanFactory - Creating shared instance of singleton bean 'employeeClientImpl'
2025-12-26 23:11:29 DEBUG o.s.b.f.s.DefaultListableBeanFactory - Creating shared instance of singleton bean 'getEmployeeServiceRestClient'
2025-12-26 23:11:29 DEBUG o.s.b.f.s.DefaultListableBeanFactory - Autowiring by type from bean name 'employeeClientImpl' via constructor to bean named 'getEmployeeServiceRestClient'
2025-12-26 23:11:29 DEBUG o.s.b.f.s.DefaultListableBeanFactory - Creating shared instance of singleton bean 'getAuditorAwareImpl'
2025-12-26 23:11:29 DEBUG o.s.b.f.s.DefaultListableBeanFactory - Creating shared instance of singleton bean 'jpaAuditingHandler'
2025-12-26 23:11:29 DEBUG o.s.a.f.ProxyFactoryBean - Advice has changed; re-caching singleton instance
2025-12-26 23:11:29 DEBUG o.s.b.f.s.DefaultListableBeanFactory - Creating shared instance of singleton bean 'org.springframework.data.jpa.domain.support.AuditingEntityListener'
2025-12-26 23:11:29 DEBUG o.s.b.f.s.DefaultListableBeanFactory - Creating shared instance of singleton bean 'org.springframework.boot.autoconfigure.context.PropertyPlaceholderAutoConfiguration'
2025-12-26 23:11:29 DEBUG o.s.b.f.s.DefaultListableBeanFactory - Creating shared instance of singleton bean 'org.springframework.boot.webmvc.autoconfigure.DispatcherServletAutoConfiguration$DispatcherServletConfiguration'
2025-12-26 23:11:29 DEBUG o.s.b.f.s.DefaultListableBeanFactory - Creating shared instance of singleton bean 'dispatcherServlet'
2025-12-26 23:11:29 DEBUG o.s.b.f.s.DefaultListableBeanFactory - Creating shared instance of singleton bean 'spring.mvc-org.springframework.boot.webmvc.autoconfigure.WebMvcProperties'
2025-12-26 23:11:29 DEBUG o.s.b.f.s.DefaultListableBeanFactory - Autowiring by type from bean name 'dispatcherServlet' via factory method to bean named 'spring.mvc-org.springframework.boot.webmvc.autoconfigure.WebMvcProperties'
2025-12-26 23:11:29 DEBUG o.s.b.f.s.DefaultListableBeanFactory - Creating shared instance of singleton bean 'org.springframework.boot.context.properties.EnableConfigurationPropertiesRegistrar.methodValidationExcludeFilter'
2025-12-26 23:11:29 DEBUG o.s.b.f.s.DefaultListableBeanFactory - Creating shared instance of singleton bean 'org.springframework.boot.webmvc.autoconfigure.DispatcherServletAutoConfiguration$DispatcherServletRegistrationConfiguration'
2025-12-26 23:11:29 DEBUG o.s.b.f.s.DefaultListableBeanFactory - Creating shared instance of singleton bean 'dispatcherServletRegistration'
2025-12-26 23:11:29 DEBUG o.s.b.f.s.DefaultListableBeanFactory - Autowiring by type from bean name 'dispatcherServletRegistration' via factory method to bean named 'dispatcherServlet'
2025-12-26 23:11:29 DEBUG o.s.b.f.s.DefaultListableBeanFactory - Autowiring by type from bean name 'dispatcherServletRegistration' via factory method to bean named 'spring.mvc-org.springframework.boot.webmvc.autoconfigure.WebMvcProperties'
2025-12-26 23:11:29 DEBUG o.s.b.f.s.DefaultListableBeanFactory - Creating shared instance of singleton bean 'multipartConfigElement'
2025-12-26 23:11:29 DEBUG o.s.b.f.s.DefaultListableBeanFactory - Creating shared instance of singleton bean 'org.springframework.boot.servlet.autoconfigure.MultipartAutoConfiguration'
2025-12-26 23:11:29 DEBUG o.s.b.f.s.DefaultListableBeanFactory - Creating shared instance of singleton bean 'spring.servlet.multipart-org.springframework.boot.servlet.autoconfigure.MultipartProperties'
2025-12-26 23:11:29 DEBUG o.s.b.f.s.DefaultListableBeanFactory - Autowiring by type from bean name 'org.springframework.boot.servlet.autoconfigure.MultipartAutoConfiguration' via constructor to bean named 'spring.servlet.multipart-org.springframework.boot.servlet.autoconfigure.MultipartProperties'
2025-12-26 23:11:29 DEBUG o.s.b.f.s.DefaultListableBeanFactory - Creating shared instance of singleton bean 'org.springframework.boot.webmvc.autoconfigure.DispatcherServletAutoConfiguration'
2025-12-26 23:11:29 DEBUG o.s.b.f.s.DefaultListableBeanFactory - Creating shared instance of singleton bean 'org.springframework.boot.autoconfigure.task.TaskExecutorConfigurations$SimpleAsyncTaskExecutorBuilderConfiguration'
2025-12-26 23:11:29 DEBUG o.s.b.f.s.DefaultListableBeanFactory - Autowiring by type from bean name 'org.springframework.boot.autoconfigure.task.TaskExecutorConfigurations$SimpleAsyncTaskExecutorBuilderConfiguration' via constructor to bean named 'spring.task.execution-org.springframework.boot.autoconfigure.task.TaskExecutionProperties'
2025-12-26 23:11:29 DEBUG o.s.b.f.s.DefaultListableBeanFactory - Creating shared instance of singleton bean 'simpleAsyncTaskExecutorBuilder'
2025-12-26 23:11:29 DEBUG o.s.b.f.s.DefaultListableBeanFactory - Creating shared instance of singleton bean 'org.springframework.boot.autoconfigure.task.TaskExecutorConfigurations$AsyncConfigurerConfiguration'
2025-12-26 23:11:29 DEBUG o.s.b.f.s.DefaultListableBeanFactory - Creating shared instance of singleton bean 'applicationTaskExecutorAsyncConfigurer'
2025-12-26 23:11:29 DEBUG o.s.b.f.s.DefaultListableBeanFactory - Autowiring by type from bean name 'applicationTaskExecutorAsyncConfigurer' via factory method to bean named 'org.springframework.beans.factory.support.DefaultListableBeanFactory@698fee9a'
2025-12-26 23:11:29 DEBUG o.s.b.f.s.DefaultListableBeanFactory - Creating shared instance of singleton bean 'org.springframework.boot.autoconfigure.task.TaskExecutorConfigurations$BootstrapExecutorConfiguration'
2025-12-26 23:11:29 DEBUG o.s.b.f.s.DefaultListableBeanFactory - Creating shared instance of singleton bean 'org.springframework.boot.autoconfigure.task.TaskExecutionAutoConfiguration'
2025-12-26 23:11:29 DEBUG o.s.b.f.s.DefaultListableBeanFactory - Creating shared instance of singleton bean 'org.springframework.boot.webmvc.autoconfigure.error.ErrorMvcAutoConfiguration$WhitelabelErrorViewConfiguration'
2025-12-26 23:11:29 DEBUG o.s.b.f.s.DefaultListableBeanFactory - Creating shared instance of singleton bean 'error'
2025-12-26 23:11:29 DEBUG o.s.b.f.s.DefaultListableBeanFactory - Creating shared instance of singleton bean 'beanNameViewResolver'
2025-12-26 23:11:29 DEBUG o.s.b.f.s.DefaultListableBeanFactory - Creating shared instance of singleton bean 'org.springframework.boot.webmvc.autoconfigure.error.ErrorMvcAutoConfiguration$DefaultErrorViewResolverConfiguration'
2025-12-26 23:11:29 DEBUG o.s.b.f.s.DefaultListableBeanFactory - Creating shared instance of singleton bean 'spring.web-org.springframework.boot.autoconfigure.web.WebProperties'
2025-12-26 23:11:29 DEBUG o.s.b.f.s.DefaultListableBeanFactory - Autowiring by type from bean name 'org.springframework.boot.webmvc.autoconfigure.error.ErrorMvcAutoConfiguration$DefaultErrorViewResolverConfiguration' via constructor to bean named 'org.springframework.web.context.support.GenericWebApplicationContext@3db972d2'
2025-12-26 23:11:29 DEBUG o.s.b.f.s.DefaultListableBeanFactory - Autowiring by type from bean name 'org.springframework.boot.webmvc.autoconfigure.error.ErrorMvcAutoConfiguration$DefaultErrorViewResolverConfiguration' via constructor to bean named 'spring.web-org.springframework.boot.autoconfigure.web.WebProperties'
2025-12-26 23:11:29 DEBUG o.s.b.f.s.DefaultListableBeanFactory - Creating shared instance of singleton bean 'conventionErrorViewResolver'
2025-12-26 23:11:29 DEBUG o.s.b.f.s.DefaultListableBeanFactory - Creating shared instance of singleton bean 'org.springframework.boot.webmvc.autoconfigure.error.ErrorMvcAutoConfiguration'
2025-12-26 23:11:29 DEBUG o.s.b.f.s.DefaultListableBeanFactory - Autowiring by type from bean name 'org.springframework.boot.webmvc.autoconfigure.error.ErrorMvcAutoConfiguration' via constructor to bean named 'spring.web-org.springframework.boot.autoconfigure.web.WebProperties'
2025-12-26 23:11:29 DEBUG o.s.b.f.s.DefaultListableBeanFactory - Creating shared instance of singleton bean 'errorAttributes'
2025-12-26 23:11:29 DEBUG o.s.b.f.s.DefaultListableBeanFactory - Creating shared instance of singleton bean 'basicErrorController'
2025-12-26 23:11:29 DEBUG o.s.b.f.s.DefaultListableBeanFactory - Autowiring by type from bean name 'basicErrorController' via factory method to bean named 'errorAttributes'
2025-12-26 23:11:29 DEBUG o.s.b.f.s.DefaultListableBeanFactory - Creating shared instance of singleton bean 'errorPageCustomizer'
2025-12-26 23:11:29 DEBUG o.s.b.f.s.DefaultListableBeanFactory - Autowiring by type from bean name 'errorPageCustomizer' via factory method to bean named 'dispatcherServletRegistration'
2025-12-26 23:11:29 DEBUG o.s.b.f.s.DefaultListableBeanFactory - Creating shared instance of singleton bean 'org.springframework.boot.webmvc.autoconfigure.WebMvcAutoConfiguration$EnableWebMvcConfiguration'
2025-12-26 23:11:29 DEBUG o.s.b.f.s.DefaultListableBeanFactory - Autowiring by type from bean name 'org.springframework.boot.webmvc.autoconfigure.WebMvcAutoConfiguration$EnableWebMvcConfiguration' via constructor to bean named 'spring.mvc-org.springframework.boot.webmvc.autoconfigure.WebMvcProperties'
2025-12-26 23:11:29 DEBUG o.s.b.f.s.DefaultListableBeanFactory - Autowiring by type from bean name 'org.springframework.boot.webmvc.autoconfigure.WebMvcAutoConfiguration$EnableWebMvcConfiguration' via constructor to bean named 'spring.web-org.springframework.boot.autoconfigure.web.WebProperties'
2025-12-26 23:11:29 DEBUG o.s.b.f.s.DefaultListableBeanFactory - Autowiring by type from bean name 'org.springframework.boot.webmvc.autoconfigure.WebMvcAutoConfiguration$EnableWebMvcConfiguration' via constructor to bean named 'org.springframework.beans.factory.support.DefaultListableBeanFactory@698fee9a'
2025-12-26 23:11:29 DEBUG o.s.b.f.s.DefaultListableBeanFactory - Creating shared instance of singleton bean 'org.springframework.boot.webmvc.autoconfigure.WebMvcAutoConfiguration$WebMvcAutoConfigurationAdapter'
2025-12-26 23:11:29 DEBUG o.s.b.f.s.DefaultListableBeanFactory - Autowiring by type from bean name 'org.springframework.boot.webmvc.autoconfigure.WebMvcAutoConfiguration$WebMvcAutoConfigurationAdapter' via constructor to bean named 'spring.web-org.springframework.boot.autoconfigure.web.WebProperties'
2025-12-26 23:11:29 DEBUG o.s.b.f.s.DefaultListableBeanFactory - Autowiring by type from bean name 'org.springframework.boot.webmvc.autoconfigure.WebMvcAutoConfiguration$WebMvcAutoConfigurationAdapter' via constructor to bean named 'spring.mvc-org.springframework.boot.webmvc.autoconfigure.WebMvcProperties'
2025-12-26 23:11:29 DEBUG o.s.b.f.s.DefaultListableBeanFactory - Autowiring by type from bean name 'org.springframework.boot.webmvc.autoconfigure.WebMvcAutoConfiguration$WebMvcAutoConfigurationAdapter' via constructor to bean named 'org.springframework.beans.factory.support.DefaultListableBeanFactory@698fee9a'
2025-12-26 23:11:29 DEBUG o.s.b.f.s.DefaultListableBeanFactory - Creating shared instance of singleton bean 'org.springframework.data.web.config.SpringDataWebConfiguration'
2025-12-26 23:11:29 DEBUG o.s.b.f.s.DefaultListableBeanFactory - Autowiring by type from bean name 'org.springframework.data.web.config.SpringDataWebConfiguration' via constructor to bean named 'org.springframework.web.context.support.GenericWebApplicationContext@3db972d2'
2025-12-26 23:11:29 DEBUG o.s.b.f.s.DefaultListableBeanFactory - Creating shared instance of singleton bean 'openEntityManagerInViewInterceptorConfigurer'
2025-12-26 23:11:29 DEBUG o.s.b.f.s.DefaultListableBeanFactory - Creating shared instance of singleton bean 'org.springframework.boot.jpa.autoconfigure.JpaBaseConfiguration$JpaWebConfiguration'
2025-12-26 23:11:29 DEBUG o.s.b.f.s.DefaultListableBeanFactory - Autowiring by type from bean name 'org.springframework.boot.jpa.autoconfigure.JpaBaseConfiguration$JpaWebConfiguration' via constructor to bean named 'spring.jpa-org.springframework.boot.jpa.autoconfigure.JpaProperties'
2025-12-26 23:11:29 DEBUG o.s.b.f.s.DefaultListableBeanFactory - Creating shared instance of singleton bean 'openEntityManagerInViewInterceptor'
2025-12-26 23:11:29 WARN  o.s.b.j.a.JpaBaseConfiguration$JpaWebConfiguration - spring.jpa.open-in-view is enabled by default. Therefore, database queries may be performed during view rendering. Explicitly configure spring.jpa.open-in-view to disable this warning
2025-12-26 23:11:29 DEBUG o.s.b.f.s.DefaultListableBeanFactory - Autowiring by type from bean name 'openEntityManagerInViewInterceptorConfigurer' via factory method to bean named 'openEntityManagerInViewInterceptor'
2025-12-26 23:11:29 DEBUG o.s.b.f.s.DefaultListableBeanFactory - Creating shared instance of singleton bean 'welcomePageHandlerMapping'
2025-12-26 23:11:29 DEBUG o.s.b.f.s.DefaultListableBeanFactory - Creating shared instance of singleton bean 'mvcConversionService'
2025-12-26 23:11:29 DEBUG o.s.b.f.s.DefaultListableBeanFactory - Creating shared instance of singleton bean 'mvcResourceUrlProvider'
2025-12-26 23:11:29 DEBUG o.s.b.f.s.DefaultListableBeanFactory - Autowiring by type from bean name 'welcomePageHandlerMapping' via factory method to bean named 'org.springframework.web.context.support.GenericWebApplicationContext@3db972d2'
2025-12-26 23:11:29 DEBUG o.s.b.f.s.DefaultListableBeanFactory - Autowiring by type from bean name 'welcomePageHandlerMapping' via factory method to bean named 'mvcConversionService'
2025-12-26 23:11:29 DEBUG o.s.b.f.s.DefaultListableBeanFactory - Autowiring by type from bean name 'welcomePageHandlerMapping' via factory method to bean named 'mvcResourceUrlProvider'
2025-12-26 23:11:29 DEBUG o.s.b.f.s.DefaultListableBeanFactory - Creating shared instance of singleton bean 'welcomePageNotAcceptableHandlerMapping'
2025-12-26 23:11:29 DEBUG o.s.b.f.s.DefaultListableBeanFactory - Autowiring by type from bean name 'welcomePageNotAcceptableHandlerMapping' via factory method to bean named 'org.springframework.web.context.support.GenericWebApplicationContext@3db972d2'
2025-12-26 23:11:29 DEBUG o.s.b.f.s.DefaultListableBeanFactory - Autowiring by type from bean name 'welcomePageNotAcceptableHandlerMapping' via factory method to bean named 'mvcConversionService'
2025-12-26 23:11:29 DEBUG o.s.b.f.s.DefaultListableBeanFactory - Autowiring by type from bean name 'welcomePageNotAcceptableHandlerMapping' via factory method to bean named 'mvcResourceUrlProvider'
2025-12-26 23:11:29 DEBUG o.s.b.f.s.DefaultListableBeanFactory - Creating shared instance of singleton bean 'localeResolver'
2025-12-26 23:11:29 DEBUG o.s.b.f.s.DefaultListableBeanFactory - Creating shared instance of singleton bean 'flashMapManager'
2025-12-26 23:11:29 DEBUG o.s.b.f.s.DefaultListableBeanFactory - Creating shared instance of singleton bean 'viewNameTranslator'
2025-12-26 23:11:29 DEBUG o.s.b.f.s.DefaultListableBeanFactory - Creating shared instance of singleton bean 'mvcValidator'
2025-12-26 23:11:29 DEBUG o.s.b.f.s.DefaultListableBeanFactory - Creating shared instance of singleton bean 'requestMappingHandlerMapping'
2025-12-26 23:11:29 DEBUG o.s.b.f.s.DefaultListableBeanFactory - Creating shared instance of singleton bean 'mvcContentNegotiationManager'
2025-12-26 23:11:29 DEBUG o.s.b.f.s.DefaultListableBeanFactory - Creating shared instance of singleton bean 'stringHttpMessageConvertersCustomizer'
2025-12-26 23:11:29 DEBUG o.s.b.f.s.DefaultListableBeanFactory - Creating shared instance of singleton bean 'org.springframework.boot.http.converter.autoconfigure.HttpMessageConvertersAutoConfiguration$StringHttpMessageConverterConfiguration'
2025-12-26 23:11:29 DEBUG o.s.b.f.s.DefaultListableBeanFactory - Creating shared instance of singleton bean 'spring.http.converters-org.springframework.boot.http.converter.autoconfigure.HttpMessageConvertersProperties'
2025-12-26 23:11:29 DEBUG o.s.b.f.s.DefaultListableBeanFactory - Autowiring by type from bean name 'stringHttpMessageConvertersCustomizer' via factory method to bean named 'spring.http.converters-org.springframework.boot.http.converter.autoconfigure.HttpMessageConvertersProperties'
2025-12-26 23:11:29 DEBUG o.s.b.f.s.DefaultListableBeanFactory - Creating shared instance of singleton bean 'jacksonJsonHttpMessageConvertersCustomizer'
2025-12-26 23:11:29 DEBUG o.s.b.f.s.DefaultListableBeanFactory - Creating shared instance of singleton bean 'org.springframework.boot.http.converter.autoconfigure.JacksonHttpMessageConvertersConfiguration$JacksonJsonHttpMessageConverterConfiguration'
2025-12-26 23:11:29 DEBUG o.s.b.f.s.DefaultListableBeanFactory - Creating shared instance of singleton bean 'jacksonJsonMapper'
2025-12-26 23:11:29 DEBUG o.s.b.f.s.DefaultListableBeanFactory - Creating shared instance of singleton bean 'org.springframework.boot.jackson.autoconfigure.JacksonAutoConfiguration'
2025-12-26 23:11:29 DEBUG o.s.b.f.s.DefaultListableBeanFactory - Creating shared instance of singleton bean 'problemDetailJsonMapperBuilderCustomizer'
2025-12-26 23:11:29 DEBUG o.s.b.f.s.DefaultListableBeanFactory - Creating shared instance of singleton bean 'org.springframework.boot.jackson.autoconfigure.JacksonAutoConfiguration$JsonProblemDetailsConfiguration'
2025-12-26 23:11:29 DEBUG o.s.b.f.s.DefaultListableBeanFactory - Creating shared instance of singleton bean 'standardJsonMapperBuilderCustomizer'
2025-12-26 23:11:29 DEBUG o.s.b.f.s.DefaultListableBeanFactory - Creating shared instance of singleton bean 'org.springframework.boot.jackson.autoconfigure.JacksonAutoConfiguration$JacksonJsonMapperBuilderCustomizerConfiguration'
2025-12-26 23:11:29 DEBUG o.s.b.f.s.DefaultListableBeanFactory - Creating shared instance of singleton bean 'spring.jackson-org.springframework.boot.jackson.autoconfigure.JacksonProperties'
2025-12-26 23:11:29 DEBUG o.s.b.f.s.DefaultListableBeanFactory - Autowiring by type from bean name 'standardJsonMapperBuilderCustomizer' via factory method to bean named 'spring.jackson-org.springframework.boot.jackson.autoconfigure.JacksonProperties'
2025-12-26 23:11:29 DEBUG o.s.b.f.s.DefaultListableBeanFactory - Creating shared instance of singleton bean 'jackson3GeoModule'
2025-12-26 23:11:29 DEBUG o.s.b.f.s.DefaultListableBeanFactory - Creating shared instance of singleton bean 'org.springframework.data.web.config.SpringDataJackson3Configuration'
2025-12-26 23:11:29 DEBUG o.s.b.f.s.DefaultListableBeanFactory - Creating shared instance of singleton bean 'springDataWebSettings'
2025-12-26 23:11:29 DEBUG o.s.b.f.s.DefaultListableBeanFactory - Creating shared instance of singleton bean 'org.springframework.boot.data.autoconfigure.web.DataWebAutoConfiguration'
2025-12-26 23:11:29 DEBUG o.s.b.f.s.DefaultListableBeanFactory - Creating shared instance of singleton bean 'spring.data.web-org.springframework.boot.data.autoconfigure.web.DataWebProperties'
2025-12-26 23:11:29 DEBUG o.s.b.f.s.DefaultListableBeanFactory - Autowiring by type from bean name 'org.springframework.boot.data.autoconfigure.web.DataWebAutoConfiguration' via constructor to bean named 'spring.data.web-org.springframework.boot.data.autoconfigure.web.DataWebProperties'
2025-12-26 23:11:29 DEBUG o.s.b.f.s.DefaultListableBeanFactory - Creating shared instance of singleton bean 'jackson3pageModule'
2025-12-26 23:11:29 DEBUG o.s.b.f.s.DefaultListableBeanFactory - Creating shared instance of singleton bean 'jacksonMixinModule'
2025-12-26 23:11:29 DEBUG o.s.b.f.s.DefaultListableBeanFactory - Creating shared instance of singleton bean 'org.springframework.boot.jackson.autoconfigure.JacksonAutoConfiguration$JacksonMixinConfiguration'
2025-12-26 23:11:29 DEBUG o.s.b.f.s.DefaultListableBeanFactory - Creating shared instance of singleton bean 'jacksonMixinModuleEntries'
2025-12-26 23:11:29 DEBUG o.s.b.f.s.DefaultListableBeanFactory - Autowiring by type from bean name 'jacksonMixinModuleEntries' via factory method to bean named 'org.springframework.web.context.support.GenericWebApplicationContext@3db972d2'
2025-12-26 23:11:29 DEBUG o.s.b.f.s.DefaultListableBeanFactory - Autowiring by type from bean name 'jacksonMixinModule' via factory method to bean named 'org.springframework.web.context.support.GenericWebApplicationContext@3db972d2'
2025-12-26 23:11:29 DEBUG o.s.b.f.s.DefaultListableBeanFactory - Autowiring by type from bean name 'jacksonMixinModule' via factory method to bean named 'jacksonMixinModuleEntries'
2025-12-26 23:11:29 DEBUG o.s.b.f.s.DefaultListableBeanFactory - Creating shared instance of singleton bean 'jsonComponentModule'
2025-12-26 23:11:29 DEBUG o.s.b.f.s.DefaultListableBeanFactory - Autowiring by type from bean name 'jsonMapperBuilder' via factory method to bean named 'problemDetailJsonMapperBuilderCustomizer'
2025-12-26 23:11:29 DEBUG o.s.b.f.s.DefaultListableBeanFactory - Autowiring by type from bean name 'jsonMapperBuilder' via factory method to bean named 'standardJsonMapperBuilderCustomizer'
2025-12-26 23:11:29 DEBUG o.s.b.f.s.DefaultListableBeanFactory - Autowiring by type from bean name 'jacksonJsonMapper' via factory method to bean named 'jsonMapperBuilder'
2025-12-26 23:11:29 DEBUG o.s.b.f.s.DefaultListableBeanFactory - Autowiring by type from bean name 'jacksonJsonHttpMessageConvertersCustomizer' via factory method to bean named 'jacksonJsonMapper'
2025-12-26 23:11:29 DEBUG o.s.b.f.s.DefaultListableBeanFactory - Creating shared instance of singleton bean 'serverConvertersCustomizer'
2025-12-26 23:11:29 DEBUG o.s.b.f.s.DefaultListableBeanFactory - Creating shared instance of singleton bean 'org.springframework.boot.http.converter.autoconfigure.HttpMessageConvertersAutoConfiguration'
2025-12-26 23:11:29 DEBUG o.s.b.f.s.DefaultListableBeanFactory - Creating shared instance of singleton bean 'mvcApiVersionStrategy'
2025-12-26 23:11:29 DEBUG o.s.b.f.s.DefaultListableBeanFactory - Autowiring by type from bean name 'requestMappingHandlerMapping' via factory method to bean named 'mvcContentNegotiationManager'
2025-12-26 23:11:29 DEBUG o.s.b.f.s.DefaultListableBeanFactory - Autowiring by type from bean name 'requestMappingHandlerMapping' via factory method to bean named 'mvcApiVersionStrategy'
2025-12-26 23:11:29 DEBUG o.s.b.f.s.DefaultListableBeanFactory - Autowiring by type from bean name 'requestMappingHandlerMapping' via factory method to bean named 'mvcConversionService'
2025-12-26 23:11:29 DEBUG o.s.b.f.s.DefaultListableBeanFactory - Autowiring by type from bean name 'requestMappingHandlerMapping' via factory method to bean named 'mvcResourceUrlProvider'
2025-12-26 23:11:29 DEBUG _.s.w.s.H.Mappings - 
	c.p.p.p.c.AuditController:
	{GET [/audit/posts/{postId}]}: getPostRevisions(Long)
2025-12-26 23:11:29 DEBUG _.s.w.s.H.Mappings - 
	c.p.p.p.c.PostController:
	{GET [/posts]}: getAllPosts()
	{POST [/posts]}: createNewPost(PostDto)
	{GET [/posts/{postId}]}: getPostById(Long)
	{PUT [/posts/{postId}]}: updatePost(PostDto,Long)
2025-12-26 23:11:29 DEBUG _.s.w.s.H.Mappings - 
	o.s.b.w.a.e.BasicErrorController:
	{ [/error]}: error(HttpServletRequest)
	{ [/error], produces [text/html]}: errorHtml(HttpServletRequest,HttpServletResponse)
2025-12-26 23:11:29 DEBUG o.s.w.s.m.m.a.RequestMappingHandlerMapping - 7 mappings in 'requestMappingHandlerMapping'
2025-12-26 23:11:29 DEBUG o.s.b.f.s.DefaultListableBeanFactory - Creating shared instance of singleton bean 'mvcPatternParser'
2025-12-26 23:11:29 DEBUG o.s.b.f.s.DefaultListableBeanFactory - Creating shared instance of singleton bean 'mvcUrlPathHelper'
2025-12-26 23:11:29 DEBUG o.s.b.f.s.DefaultListableBeanFactory - Creating shared instance of singleton bean 'mvcPathMatcher'
2025-12-26 23:11:29 DEBUG o.s.b.f.s.DefaultListableBeanFactory - Creating shared instance of singleton bean 'viewControllerHandlerMapping'
2025-12-26 23:11:29 DEBUG o.s.b.f.s.DefaultListableBeanFactory - Autowiring by type from bean name 'viewControllerHandlerMapping' via factory method to bean named 'mvcConversionService'
2025-12-26 23:11:29 DEBUG o.s.b.f.s.DefaultListableBeanFactory - Autowiring by type from bean name 'viewControllerHandlerMapping' via factory method to bean named 'mvcResourceUrlProvider'
2025-12-26 23:11:29 DEBUG o.s.b.f.s.DefaultListableBeanFactory - Creating shared instance of singleton bean 'beanNameHandlerMapping'
2025-12-26 23:11:29 DEBUG o.s.b.f.s.DefaultListableBeanFactory - Autowiring by type from bean name 'beanNameHandlerMapping' via factory method to bean named 'mvcConversionService'
2025-12-26 23:11:29 DEBUG o.s.b.f.s.DefaultListableBeanFactory - Autowiring by type from bean name 'beanNameHandlerMapping' via factory method to bean named 'mvcResourceUrlProvider'
2025-12-26 23:11:29 DEBUG _.s.w.s.H.Mappings - 'beanNameHandlerMapping' {}
2025-12-26 23:11:29 DEBUG o.s.b.f.s.DefaultListableBeanFactory - Creating shared instance of singleton bean 'routerFunctionMapping'
2025-12-26 23:11:29 DEBUG o.s.b.f.s.DefaultListableBeanFactory - Autowiring by type from bean name 'routerFunctionMapping' via factory method to bean named 'mvcConversionService'
2025-12-26 23:11:29 DEBUG o.s.b.f.s.DefaultListableBeanFactory - Autowiring by type from bean name 'routerFunctionMapping' via factory method to bean named 'mvcResourceUrlProvider'
2025-12-26 23:11:29 DEBUG o.s.b.f.s.DefaultListableBeanFactory - Autowiring by type from bean name 'routerFunctionMapping' via factory method to bean named 'mvcApiVersionStrategy'
2025-12-26 23:11:29 DEBUG o.s.b.f.s.DefaultListableBeanFactory - Creating shared instance of singleton bean 'resourceHandlerMapping'
2025-12-26 23:11:29 DEBUG o.s.b.f.s.DefaultListableBeanFactory - Autowiring by type from bean name 'resourceHandlerMapping' via factory method to bean named 'mvcContentNegotiationManager'
2025-12-26 23:11:29 DEBUG o.s.b.f.s.DefaultListableBeanFactory - Autowiring by type from bean name 'resourceHandlerMapping' via factory method to bean named 'mvcConversionService'
2025-12-26 23:11:29 DEBUG o.s.b.f.s.DefaultListableBeanFactory - Autowiring by type from bean name 'resourceHandlerMapping' via factory method to bean named 'mvcResourceUrlProvider'
2025-12-26 23:11:29 DEBUG _.s.w.s.H.Mappings - 'resourceHandlerMapping' {/webjars/**=ResourceHttpRequestHandler [classpath [META-INF/resources/webjars/]], /**=ResourceHttpRequestHandler [classpath [META-INF/resources/], classpath [resources/], classpath [static/], classpath [public/], ServletContext [/]]}
2025-12-26 23:11:29 DEBUG o.s.b.f.s.DefaultListableBeanFactory - Creating shared instance of singleton bean 'defaultServletHandlerMapping'
2025-12-26 23:11:29 DEBUG o.s.b.f.s.DefaultListableBeanFactory - Creating shared instance of singleton bean 'requestMappingHandlerAdapter'
2025-12-26 23:11:29 DEBUG o.s.b.f.s.DefaultListableBeanFactory - Autowiring by type from bean name 'requestMappingHandlerAdapter' via factory method to bean named 'mvcContentNegotiationManager'
2025-12-26 23:11:29 DEBUG o.s.b.f.s.DefaultListableBeanFactory - Autowiring by type from bean name 'requestMappingHandlerAdapter' via factory method to bean named 'mvcConversionService'
2025-12-26 23:11:29 DEBUG o.s.b.f.s.DefaultListableBeanFactory - Autowiring by type from bean name 'requestMappingHandlerAdapter' via factory method to bean named 'mvcValidator'
2025-12-26 23:11:29 DEBUG o.s.b.f.s.DefaultListableBeanFactory - Creating shared instance of singleton bean 'sortResolver'
2025-12-26 23:11:29 DEBUG o.s.b.f.s.DefaultListableBeanFactory - Creating shared instance of singleton bean 'sortCustomizer'
2025-12-26 23:11:29 DEBUG o.s.b.f.s.DefaultListableBeanFactory - Creating shared instance of singleton bean 'pageableResolver'
2025-12-26 23:11:29 DEBUG o.s.b.f.s.DefaultListableBeanFactory - Creating shared instance of singleton bean 'pageableCustomizer'
2025-12-26 23:11:29 DEBUG o.s.w.s.m.m.a.RequestMappingHandlerAdapter - ControllerAdvice beans: 0 @ModelAttribute, 0 @InitBinder, 1 RequestBodyAdvice, 1 ResponseBodyAdvice
2025-12-26 23:11:29 DEBUG o.s.b.f.s.DefaultListableBeanFactory - Creating shared instance of singleton bean 'mvcViewResolver'
2025-12-26 23:11:29 DEBUG o.s.b.f.s.DefaultListableBeanFactory - Autowiring by type from bean name 'mvcViewResolver' via factory method to bean named 'mvcContentNegotiationManager'
2025-12-26 23:11:29 DEBUG o.s.b.f.s.DefaultListableBeanFactory - Creating shared instance of singleton bean 'defaultViewResolver'
2025-12-26 23:11:29 DEBUG o.s.b.f.s.DefaultListableBeanFactory - Creating shared instance of singleton bean 'viewResolver'
2025-12-26 23:11:29 DEBUG o.s.b.f.s.DefaultListableBeanFactory - Autowiring by type from bean name 'viewResolver' via factory method to bean named 'org.springframework.beans.factory.support.DefaultListableBeanFactory@698fee9a'
2025-12-26 23:11:29 DEBUG o.s.b.f.s.DefaultListableBeanFactory - Creating shared instance of singleton bean 'viewResolver'
2025-12-26 23:11:29 DEBUG o.s.b.f.s.DefaultListableBeanFactory - Creating shared instance of singleton bean 'handlerFunctionAdapter'
2025-12-26 23:11:29 DEBUG o.s.b.f.s.DefaultListableBeanFactory - Creating shared instance of singleton bean 'mvcUriComponentsContributor'
2025-12-26 23:11:29 DEBUG o.s.b.f.s.DefaultListableBeanFactory - Autowiring by type from bean name 'mvcUriComponentsContributor' via factory method to bean named 'mvcConversionService'
2025-12-26 23:11:29 DEBUG o.s.b.f.s.DefaultListableBeanFactory - Autowiring by type from bean name 'mvcUriComponentsContributor' via factory method to bean named 'requestMappingHandlerAdapter'
2025-12-26 23:11:29 DEBUG o.s.b.f.s.DefaultListableBeanFactory - Creating shared instance of singleton bean 'httpRequestHandlerAdapter'
2025-12-26 23:11:29 DEBUG o.s.b.f.s.DefaultListableBeanFactory - Creating shared instance of singleton bean 'simpleControllerHandlerAdapter'
2025-12-26 23:11:29 DEBUG o.s.b.f.s.DefaultListableBeanFactory - Creating shared instance of singleton bean 'handlerExceptionResolver'
2025-12-26 23:11:29 DEBUG o.s.b.f.s.DefaultListableBeanFactory - Autowiring by type from bean name 'handlerExceptionResolver' via factory method to bean named 'mvcContentNegotiationManager'
2025-12-26 23:11:29 DEBUG o.s.w.s.m.m.a.ExceptionHandlerExceptionResolver - ControllerAdvice beans: 1 @ExceptionHandler, 1 ResponseBodyAdvice
2025-12-26 23:11:29 DEBUG o.s.b.f.s.DefaultListableBeanFactory - Creating shared instance of singleton bean 'requestContextFilter'
2025-12-26 23:11:29 DEBUG o.s.b.f.s.DefaultListableBeanFactory - Creating shared instance of singleton bean 'org.springframework.boot.webmvc.autoconfigure.WebMvcAutoConfiguration'
2025-12-26 23:11:29 DEBUG o.s.b.f.s.DefaultListableBeanFactory - Creating shared instance of singleton bean 'formContentFilter'
2025-12-26 23:11:29 DEBUG o.s.b.f.s.DefaultListableBeanFactory - Creating shared instance of singleton bean 'org.springframework.boot.autoconfigure.aop.AopAutoConfiguration$AspectJAutoProxyingConfiguration$CglibAutoProxyConfiguration'
2025-12-26 23:11:29 DEBUG o.s.b.f.s.DefaultListableBeanFactory - Creating shared instance of singleton bean 'org.springframework.boot.autoconfigure.aop.AopAutoConfiguration$AspectJAutoProxyingConfiguration'
2025-12-26 23:11:29 DEBUG o.s.b.f.s.DefaultListableBeanFactory - Creating shared instance of singleton bean 'org.springframework.boot.autoconfigure.aop.AopAutoConfiguration'
2025-12-26 23:11:29 DEBUG o.s.b.f.s.DefaultListableBeanFactory - Creating shared instance of singleton bean 'org.springframework.boot.autoconfigure.availability.ApplicationAvailabilityAutoConfiguration'
2025-12-26 23:11:29 DEBUG o.s.b.f.s.DefaultListableBeanFactory - Creating shared instance of singleton bean 'applicationAvailability'
2025-12-26 23:11:29 DEBUG o.s.b.f.s.DefaultListableBeanFactory - Creating shared instance of singleton bean 'org.springframework.boot.autoconfigure.context.ConfigurationPropertiesAutoConfiguration'
2025-12-26 23:11:29 DEBUG o.s.b.f.s.DefaultListableBeanFactory - Creating shared instance of singleton bean 'org.springframework.boot.autoconfigure.context.LifecycleAutoConfiguration'
2025-12-26 23:11:29 DEBUG o.s.b.f.s.DefaultListableBeanFactory - Creating shared instance of singleton bean 'lifecycleProcessor'
2025-12-26 23:11:29 DEBUG o.s.b.f.s.DefaultListableBeanFactory - Creating shared instance of singleton bean 'spring.lifecycle-org.springframework.boot.autoconfigure.context.LifecycleProperties'
2025-12-26 23:11:29 DEBUG o.s.b.f.s.DefaultListableBeanFactory - Autowiring by type from bean name 'lifecycleProcessor' via factory method to bean named 'spring.lifecycle-org.springframework.boot.autoconfigure.context.LifecycleProperties'
2025-12-26 23:11:29 DEBUG o.s.b.f.s.DefaultListableBeanFactory - Creating shared instance of singleton bean 'org.springframework.boot.autoconfigure.info.ProjectInfoAutoConfiguration'
2025-12-26 23:11:29 DEBUG o.s.b.f.s.DefaultListableBeanFactory - Creating shared instance of singleton bean 'spring.info-org.springframework.boot.autoconfigure.info.ProjectInfoProperties'
2025-12-26 23:11:29 DEBUG o.s.b.f.s.DefaultListableBeanFactory - Autowiring by type from bean name 'org.springframework.boot.autoconfigure.info.ProjectInfoAutoConfiguration' via constructor to bean named 'spring.info-org.springframework.boot.autoconfigure.info.ProjectInfoProperties'
2025-12-26 23:11:29 DEBUG o.s.b.f.s.DefaultListableBeanFactory - Creating shared instance of singleton bean 'org.springframework.boot.autoconfigure.ssl.SslAutoConfiguration'
2025-12-26 23:11:29 DEBUG o.s.b.f.s.DefaultListableBeanFactory - Creating shared instance of singleton bean 'spring.ssl-org.springframework.boot.autoconfigure.ssl.SslProperties'
2025-12-26 23:11:29 DEBUG o.s.b.f.s.DefaultListableBeanFactory - Autowiring by type from bean name 'org.springframework.boot.autoconfigure.ssl.SslAutoConfiguration' via constructor to bean named 'org.springframework.web.context.support.GenericWebApplicationContext@3db972d2'
2025-12-26 23:11:29 DEBUG o.s.b.f.s.DefaultListableBeanFactory - Autowiring by type from bean name 'org.springframework.boot.autoconfigure.ssl.SslAutoConfiguration' via constructor to bean named 'spring.ssl-org.springframework.boot.autoconfigure.ssl.SslProperties'
2025-12-26 23:11:29 DEBUG o.s.b.f.s.DefaultListableBeanFactory - Creating shared instance of singleton bean 'fileWatcher'
2025-12-26 23:11:29 DEBUG o.s.b.f.s.DefaultListableBeanFactory - Creating shared instance of singleton bean 'sslPropertiesSslBundleRegistrar'
2025-12-26 23:11:29 DEBUG o.s.b.f.s.DefaultListableBeanFactory - Autowiring by type from bean name 'sslPropertiesSslBundleRegistrar' via factory method to bean named 'fileWatcher'
2025-12-26 23:11:29 DEBUG o.s.b.f.s.DefaultListableBeanFactory - Creating shared instance of singleton bean 'sslBundleRegistry'
2025-12-26 23:11:29 DEBUG o.s.b.f.s.DefaultListableBeanFactory - Creating shared instance of singleton bean 'org.springframework.boot.autoconfigure.task.TaskSchedulingConfigurations$ThreadPoolTaskSchedulerBuilderConfiguration'
2025-12-26 23:11:29 DEBUG o.s.b.f.s.DefaultListableBeanFactory - Creating shared instance of singleton bean 'threadPoolTaskSchedulerBuilder'
2025-12-26 23:11:29 DEBUG o.s.b.f.s.DefaultListableBeanFactory - Creating shared instance of singleton bean 'spring.task.scheduling-org.springframework.boot.autoconfigure.task.TaskSchedulingProperties'
2025-12-26 23:11:29 DEBUG o.s.b.f.s.DefaultListableBeanFactory - Autowiring by type from bean name 'threadPoolTaskSchedulerBuilder' via factory method to bean named 'spring.task.scheduling-org.springframework.boot.autoconfigure.task.TaskSchedulingProperties'
2025-12-26 23:11:29 DEBUG o.s.b.f.s.DefaultListableBeanFactory - Creating shared instance of singleton bean 'org.springframework.boot.autoconfigure.task.TaskSchedulingConfigurations$SimpleAsyncTaskSchedulerBuilderConfiguration'
2025-12-26 23:11:29 DEBUG o.s.b.f.s.DefaultListableBeanFactory - Autowiring by type from bean name 'org.springframework.boot.autoconfigure.task.TaskSchedulingConfigurations$SimpleAsyncTaskSchedulerBuilderConfiguration' via constructor to bean named 'spring.task.scheduling-org.springframework.boot.autoconfigure.task.TaskSchedulingProperties'
2025-12-26 23:11:29 DEBUG o.s.b.f.s.DefaultListableBeanFactory - Creating shared instance of singleton bean 'simpleAsyncTaskSchedulerBuilder'
2025-12-26 23:11:29 DEBUG o.s.b.f.s.DefaultListableBeanFactory - Creating shared instance of singleton bean 'org.springframework.boot.autoconfigure.task.TaskSchedulingAutoConfiguration'
2025-12-26 23:11:29 DEBUG o.s.b.f.s.DefaultListableBeanFactory - Creating shared instance of singleton bean 'org.springframework.data.web.config.ProjectingArgumentResolverRegistrar'
2025-12-26 23:11:29 DEBUG o.s.b.f.s.DefaultListableBeanFactory - Creating shared instance of singleton bean 'offsetResolver'
2025-12-26 23:11:29 DEBUG o.s.b.f.s.DefaultListableBeanFactory - Creating shared instance of singleton bean 'org.springframework.boot.transaction.jta.autoconfigure.JtaAutoConfiguration'
2025-12-26 23:11:29 DEBUG o.s.b.f.s.DefaultListableBeanFactory - Creating shared instance of singleton bean 'org.springframework.boot.jdbc.autoconfigure.DataSourcePoolMetadataProvidersConfiguration'
2025-12-26 23:11:29 DEBUG o.s.b.f.s.DefaultListableBeanFactory - Creating shared instance of singleton bean 'org.springframework.boot.jdbc.autoconfigure.DataSourceAutoConfiguration'
2025-12-26 23:11:29 DEBUG o.s.b.f.s.DefaultListableBeanFactory - Creating shared instance of singleton bean 'org.springframework.boot.transaction.autoconfigure.TransactionManagerCustomizationAutoConfiguration'
2025-12-26 23:11:29 DEBUG o.s.b.f.s.DefaultListableBeanFactory - Creating shared instance of singleton bean 'platformTransactionManagerCustomizers'
2025-12-26 23:11:29 DEBUG o.s.b.f.s.DefaultListableBeanFactory - Creating shared instance of singleton bean 'transactionExecutionListeners'
2025-12-26 23:11:29 DEBUG o.s.b.f.s.DefaultListableBeanFactory - Creating shared instance of singleton bean 'spring.transaction-org.springframework.boot.transaction.autoconfigure.TransactionProperties'
2025-12-26 23:11:29 DEBUG o.s.b.f.s.DefaultListableBeanFactory - Creating shared instance of singleton bean 'org.springframework.boot.jpa.autoconfigure.JpaBaseConfiguration$PersistenceManagedTypesConfiguration'
2025-12-26 23:11:29 DEBUG o.s.b.f.s.DefaultListableBeanFactory - Creating shared instance of singleton bean 'transactionManager'
2025-12-26 23:11:29 DEBUG o.s.b.f.s.DefaultListableBeanFactory - Creating shared instance of singleton bean 'org.springframework.boot.hibernate.autoconfigure.HibernateJpaAutoConfiguration'
2025-12-26 23:11:29 DEBUG o.s.b.f.s.DefaultListableBeanFactory - Creating shared instance of singleton bean 'org.springframework.boot.data.jpa.autoconfigure.DataJpaRepositoriesAutoConfiguration'
2025-12-26 23:11:29 DEBUG o.s.b.f.s.DefaultListableBeanFactory - Creating shared instance of singleton bean 'eagerJpaMetamodelCacheCleanup'
2025-12-26 23:11:29 DEBUG o.s.b.f.s.DefaultListableBeanFactory - Creating shared instance of singleton bean 'org.springframework.data.jpa.util.JpaMetamodelCacheCleanup'
2025-12-26 23:11:29 DEBUG o.s.b.f.s.DefaultListableBeanFactory - Creating shared instance of singleton bean 'org.springframework.data.jpa.repository.support.JpaEvaluationContextExtension'
2025-12-26 23:11:29 DEBUG o.s.b.f.s.DefaultListableBeanFactory - Creating shared instance of singleton bean 'data-jpa.repository-aot-processor#0'
2025-12-26 23:11:29 DEBUG o.s.b.f.s.DefaultListableBeanFactory - Creating shared instance of singleton bean 'org.springframework.boot.http.converter.autoconfigure.JacksonHttpMessageConvertersConfiguration'
2025-12-26 23:11:29 DEBUG o.s.b.f.s.DefaultListableBeanFactory - Creating shared instance of singleton bean 'org.springframework.boot.http.converter.autoconfigure.Jackson2HttpMessageConvertersConfiguration'
2025-12-26 23:11:29 DEBUG o.s.b.f.s.DefaultListableBeanFactory - Creating shared instance of singleton bean 'clientConvertersCustomizer'
2025-12-26 23:11:29 DEBUG o.s.b.f.s.DefaultListableBeanFactory - Creating shared instance of singleton bean 'org.springframework.boot.jdbc.autoconfigure.JdbcTemplateConfiguration'
2025-12-26 23:11:29 DEBUG o.s.b.f.s.DefaultListableBeanFactory - Creating shared instance of singleton bean 'jdbcTemplate'
2025-12-26 23:11:29 DEBUG o.s.b.f.s.DefaultListableBeanFactory - Creating shared instance of singleton bean 'spring.jdbc-org.springframework.boot.jdbc.autoconfigure.JdbcProperties'
2025-12-26 23:11:29 DEBUG o.s.b.f.s.DefaultListableBeanFactory - Autowiring by type from bean name 'jdbcTemplate' via factory method to bean named 'dataSource'
2025-12-26 23:11:29 DEBUG o.s.b.f.s.DefaultListableBeanFactory - Autowiring by type from bean name 'jdbcTemplate' via factory method to bean named 'spring.jdbc-org.springframework.boot.jdbc.autoconfigure.JdbcProperties'
2025-12-26 23:11:29 DEBUG o.s.b.f.s.DefaultListableBeanFactory - Creating shared instance of singleton bean 'org.springframework.boot.jdbc.autoconfigure.NamedParameterJdbcTemplateConfiguration'
2025-12-26 23:11:29 DEBUG o.s.b.f.s.DefaultListableBeanFactory - Creating shared instance of singleton bean 'namedParameterJdbcTemplate'
2025-12-26 23:11:29 DEBUG o.s.b.f.s.DefaultListableBeanFactory - Autowiring by type from bean name 'namedParameterJdbcTemplate' via factory method to bean named 'jdbcTemplate'
2025-12-26 23:11:29 DEBUG o.s.b.f.s.DefaultListableBeanFactory - Creating shared instance of singleton bean 'org.springframework.boot.jdbc.autoconfigure.JdbcTemplateAutoConfiguration'
2025-12-26 23:11:29 DEBUG o.s.b.f.s.DefaultListableBeanFactory - Creating shared instance of singleton bean 'org.springframework.boot.jdbc.autoconfigure.JdbcClientAutoConfiguration'
2025-12-26 23:11:29 DEBUG o.s.b.f.s.DefaultListableBeanFactory - Creating shared instance of singleton bean 'jdbcClient'
2025-12-26 23:11:29 DEBUG o.s.b.f.s.DefaultListableBeanFactory - Autowiring by type from bean name 'jdbcClient' via factory method to bean named 'namedParameterJdbcTemplate'
2025-12-26 23:11:29 DEBUG o.s.b.f.s.DefaultListableBeanFactory - Creating shared instance of singleton bean 'org.springframework.boot.persistence.autoconfigure.PersistenceExceptionTranslationAutoConfiguration'
2025-12-26 23:11:29 DEBUG o.s.b.f.s.DefaultListableBeanFactory - Creating shared instance of singleton bean 'org.springframework.boot.servlet.autoconfigure.HttpEncodingAutoConfiguration'
2025-12-26 23:11:29 DEBUG o.s.b.f.s.DefaultListableBeanFactory - Creating shared instance of singleton bean 'characterEncodingFilter'
2025-12-26 23:11:29 DEBUG o.s.b.f.s.DefaultListableBeanFactory - Creating shared instance of singleton bean 'spring.servlet.encoding-org.springframework.boot.servlet.autoconfigure.ServletEncodingProperties'
2025-12-26 23:11:29 DEBUG o.s.b.f.s.DefaultListableBeanFactory - Autowiring by type from bean name 'characterEncodingFilter' via factory method to bean named 'spring.servlet.encoding-org.springframework.boot.servlet.autoconfigure.ServletEncodingProperties'
2025-12-26 23:11:29 DEBUG o.s.b.f.s.DefaultListableBeanFactory - Creating shared instance of singleton bean 'multipartResolver'
2025-12-26 23:11:29 DEBUG o.s.b.f.s.DefaultListableBeanFactory - Creating shared instance of singleton bean 'org.springframework.boot.web.server.autoconfigure.servlet.ServletWebServerConfiguration'
2025-12-26 23:11:29 DEBUG o.s.b.f.s.DefaultListableBeanFactory - Creating shared instance of singleton bean 'servletWebServerFactoryCustomizer'
2025-12-26 23:11:29 DEBUG o.s.b.f.s.DefaultListableBeanFactory - Creating shared instance of singleton bean 'server-org.springframework.boot.web.server.autoconfigure.ServerProperties'
2025-12-26 23:11:29 DEBUG o.s.b.f.s.DefaultListableBeanFactory - Autowiring by type from bean name 'servletWebServerFactoryCustomizer' via factory method to bean named 'server-org.springframework.boot.web.server.autoconfigure.ServerProperties'
2025-12-26 23:11:29 DEBUG o.s.b.f.s.DefaultListableBeanFactory - Creating shared instance of singleton bean 'org.springframework.boot.tomcat.autoconfigure.servlet.TomcatServletWebServerAutoConfiguration'
2025-12-26 23:11:29 DEBUG o.s.b.f.s.DefaultListableBeanFactory - Creating shared instance of singleton bean 'server.tomcat-org.springframework.boot.tomcat.autoconfigure.TomcatServerProperties'
2025-12-26 23:11:29 DEBUG o.s.b.f.s.DefaultListableBeanFactory - Autowiring by type from bean name 'org.springframework.boot.tomcat.autoconfigure.servlet.TomcatServletWebServerAutoConfiguration' via constructor to bean named 'server.tomcat-org.springframework.boot.tomcat.autoconfigure.TomcatServerProperties'
2025-12-26 23:11:29 DEBUG o.s.b.f.s.DefaultListableBeanFactory - Creating shared instance of singleton bean 'tomcatServletWebServerFactory'
2025-12-26 23:11:29 DEBUG o.s.b.f.s.DefaultListableBeanFactory - Creating shared instance of singleton bean 'tomcatServletWebServerFactoryCustomizer'
2025-12-26 23:11:29 DEBUG o.s.b.f.s.DefaultListableBeanFactory - Autowiring by type from bean name 'tomcatServletWebServerFactoryCustomizer' via factory method to bean named 'server.tomcat-org.springframework.boot.tomcat.autoconfigure.TomcatServerProperties'
2025-12-26 23:11:29 DEBUG o.s.b.f.s.DefaultListableBeanFactory - Creating shared instance of singleton bean 'org.springframework.boot.jdbc.autoconfigure.DataSourceTransactionManagerAutoConfiguration$JdbcTransactionManagerConfiguration'
2025-12-26 23:11:29 DEBUG o.s.b.f.s.DefaultListableBeanFactory - Creating shared instance of singleton bean 'org.springframework.boot.jdbc.autoconfigure.DataSourceTransactionManagerAutoConfiguration'
2025-12-26 23:11:29 DEBUG o.s.b.f.s.DefaultListableBeanFactory - Creating shared instance of singleton bean 'org.springframework.boot.transaction.autoconfigure.TransactionAutoConfiguration$EnableTransactionManagementConfiguration$CglibAutoProxyConfiguration'
2025-12-26 23:11:29 DEBUG o.s.b.f.s.DefaultListableBeanFactory - Creating shared instance of singleton bean 'org.springframework.boot.transaction.autoconfigure.TransactionAutoConfiguration$EnableTransactionManagementConfiguration'
2025-12-26 23:11:29 DEBUG o.s.b.f.s.DefaultListableBeanFactory - Creating shared instance of singleton bean 'org.springframework.boot.transaction.autoconfigure.TransactionAutoConfiguration$TransactionTemplateConfiguration'
2025-12-26 23:11:29 DEBUG o.s.b.f.s.DefaultListableBeanFactory - Creating shared instance of singleton bean 'transactionTemplate'
2025-12-26 23:11:29 DEBUG o.s.b.f.s.DefaultListableBeanFactory - Autowiring by type from bean name 'transactionTemplate' via factory method to bean named 'transactionManager'
2025-12-26 23:11:29 DEBUG o.s.b.f.s.DefaultListableBeanFactory - Creating shared instance of singleton bean 'org.springframework.boot.transaction.autoconfigure.TransactionAutoConfiguration'
2025-12-26 23:11:29 DEBUG o.s.c.s.DefaultLifecycleProcessor - Starting beans in phase -2147483647
2025-12-26 23:11:29 DEBUG o.s.c.s.DefaultLifecycleProcessor - Successfully started bean 'springBootLoggingLifecycle'
2025-12-26 23:11:29 DEBUG o.s.c.s.DefaultLifecycleProcessor - Starting beans in phase 1073741823
2025-12-26 23:11:29 DEBUG o.s.b.a.l.ConditionEvaluationReportLogger - 


============================
CONDITIONS EVALUATION REPORT
============================


Positive matches:
-----------------

   AopAutoConfiguration matched:
      - @ConditionalOnBooleanProperty (spring.aop.auto=true) matched (OnPropertyCondition)

   AopAutoConfiguration.AspectJAutoProxyingConfiguration matched:
      - @ConditionalOnClass found required class 'org.aspectj.weaver.Advice' (OnClassCondition)

   AopAutoConfiguration.AspectJAutoProxyingConfiguration.CglibAutoProxyConfiguration matched:
      - @ConditionalOnBooleanProperty (spring.aop.proxy-target-class=true) matched (OnPropertyCondition)

   ApplicationAvailabilityAutoConfiguration#applicationAvailability matched:
      - @ConditionalOnMissingBean (types: org.springframework.boot.availability.ApplicationAvailability; SearchStrategy: all) did not find any beans (OnBeanCondition)

   DataJpaRepositoriesAutoConfiguration matched:
      - @ConditionalOnClass found required class 'org.springframework.data.jpa.repository.JpaRepository' (OnClassCondition)
      - @ConditionalOnBooleanProperty (spring.data.jpa.repositories.enabled=true) matched (OnPropertyCondition)
      - @ConditionalOnBean (types: javax.sql.DataSource; SearchStrategy: all) found bean 'dataSource'; @ConditionalOnMissingBean (types: org.springframework.data.jpa.repository.support.JpaRepositoryFactoryBean,org.springframework.data.jpa.repository.config.JpaRepositoryConfigExtension; SearchStrategy: all) did not find any beans (OnBeanCondition)

   DataSourceAutoConfiguration matched:
      - @ConditionalOnClass found required classes 'javax.sql.DataSource', 'org.springframework.jdbc.datasource.embedded.EmbeddedDatabaseType' (OnClassCondition)
      - @ConditionalOnMissingBean (types: ?; SearchStrategy: all) did not find any beans (OnBeanCondition)

   DataSourceAutoConfiguration.PooledDataSourceConfiguration matched:
      - AnyNestedCondition 1 matched 1 did not; NestedCondition on DataSourceAutoConfiguration.PooledDataSourceCondition.PooledDataSourceAvailable PooledDataSource found supported DataSource; NestedCondition on DataSourceAutoConfiguration.PooledDataSourceCondition.ExplicitType @ConditionalOnProperty (spring.datasource.type) did not find property 'spring.datasource.type' (DataSourceAutoConfiguration.PooledDataSourceCondition)
      - @ConditionalOnMissingBean (types: javax.sql.DataSource,javax.sql.XADataSource; SearchStrategy: all) did not find any beans (OnBeanCondition)

   DataSourceAutoConfiguration.PooledDataSourceConfiguration#jdbcConnectionDetails matched:
      - @ConditionalOnMissingBean (types: org.springframework.boot.jdbc.autoconfigure.JdbcConnectionDetails; SearchStrategy: all) did not find any beans (OnBeanCondition)

   DataSourceConfiguration.Hikari matched:
      - @ConditionalOnClass found required class 'com.zaxxer.hikari.HikariDataSource' (OnClassCondition)
      - @ConditionalOnProperty (spring.datasource.type=com.zaxxer.hikari.HikariDataSource) matched (OnPropertyCondition)
      - @ConditionalOnMissingBean (types: javax.sql.DataSource; SearchStrategy: all) did not find any beans (OnBeanCondition)

   DataSourceInitializationAutoConfiguration matched:
      - @ConditionalOnClass found required class 'org.springframework.jdbc.datasource.init.DatabasePopulator' (OnClassCondition)
      - SQL InitializationDatabase Initialization default value is EMBEDDED (OnSqlInitializationCondition)
      - @ConditionalOnSingleCandidate (types: javax.sql.DataSource; SearchStrategy: all) found a single bean 'dataSource'; @ConditionalOnMissingBean (types: org.springframework.boot.sql.autoconfigure.init.ApplicationScriptDatabaseInitializer; SearchStrategy: all) did not find any beans (OnBeanCondition)

   DataSourcePoolMetadataProvidersConfiguration.HikariPoolDataSourceMetadataProviderConfiguration matched:
      - @ConditionalOnClass found required class 'com.zaxxer.hikari.HikariDataSource' (OnClassCondition)

   DataSourceTransactionManagerAutoConfiguration matched:
      - @ConditionalOnClass found required classes 'javax.sql.DataSource', 'org.springframework.jdbc.core.JdbcTemplate', 'org.springframework.transaction.TransactionManager' (OnClassCondition)

   DataSourceTransactionManagerAutoConfiguration.JdbcTransactionManagerConfiguration matched:
      - @ConditionalOnSingleCandidate (types: javax.sql.DataSource; SearchStrategy: all) found a single bean 'dataSource' (OnBeanCondition)

   DataWebAutoConfiguration matched:
      - @ConditionalOnClass found required classes 'org.springframework.data.web.PageableHandlerMethodArgumentResolver', 'org.springframework.web.servlet.config.annotation.WebMvcConfigurer' (OnClassCondition)
      - found 'session' scope (OnWebApplicationCondition)
      - @ConditionalOnMissingBean (types: org.springframework.data.web.PageableHandlerMethodArgumentResolver; SearchStrategy: all) did not find any beans (OnBeanCondition)

   DataWebAutoConfiguration#pageableCustomizer matched:
      - @ConditionalOnMissingBean (types: org.springframework.data.web.config.PageableHandlerMethodArgumentResolverCustomizer; SearchStrategy: all) did not find any beans (OnBeanCondition)

   DataWebAutoConfiguration#sortCustomizer matched:
      - @ConditionalOnMissingBean (types: org.springframework.data.web.config.SortHandlerMethodArgumentResolverCustomizer; SearchStrategy: all) did not find any beans (OnBeanCondition)

   DataWebAutoConfiguration#springDataWebSettings matched:
      - @ConditionalOnMissingBean (types: org.springframework.data.web.config.SpringDataWebSettings; SearchStrategy: all) did not find any beans (OnBeanCondition)

   DispatcherServletAutoConfiguration matched:
      - @ConditionalOnClass found required class 'org.springframework.web.servlet.DispatcherServlet' (OnClassCondition)
      - found 'session' scope (OnWebApplicationCondition)

   DispatcherServletAutoConfiguration.DispatcherServletConfiguration matched:
      - @ConditionalOnClass found required class 'jakarta.servlet.ServletRegistration' (OnClassCondition)
      - Default DispatcherServlet did not find dispatcher servlet beans (DispatcherServletAutoConfiguration.DefaultDispatcherServletCondition)

   DispatcherServletAutoConfiguration.DispatcherServletRegistrationConfiguration matched:
      - @ConditionalOnClass found required class 'jakarta.servlet.ServletRegistration' (OnClassCondition)
      - DispatcherServlet Registration did not find servlet registration bean (DispatcherServletAutoConfiguration.DispatcherServletRegistrationCondition)

   DispatcherServletAutoConfiguration.DispatcherServletRegistrationConfiguration#dispatcherServletRegistration matched:
      - @ConditionalOnBean (names: dispatcherServlet types: org.springframework.web.servlet.DispatcherServlet; SearchStrategy: all) found bean 'dispatcherServlet' (OnBeanCondition)

   ErrorMvcAutoConfiguration matched:
      - @ConditionalOnClass found required classes 'jakarta.servlet.Servlet', 'org.springframework.web.servlet.DispatcherServlet' (OnClassCondition)
      - found 'session' scope (OnWebApplicationCondition)

   ErrorMvcAutoConfiguration#basicErrorController matched:
      - @ConditionalOnMissingBean (types: org.springframework.boot.webmvc.error.ErrorController; SearchStrategy: current) did not find any beans (OnBeanCondition)

   ErrorMvcAutoConfiguration#errorAttributes matched:
      - @ConditionalOnMissingBean (types: org.springframework.boot.webmvc.error.ErrorAttributes; SearchStrategy: current) did not find any beans (OnBeanCondition)

   ErrorMvcAutoConfiguration.DefaultErrorViewResolverConfiguration#conventionErrorViewResolver matched:
      - @ConditionalOnBean (types: org.springframework.web.servlet.DispatcherServlet; SearchStrategy: all) found bean 'dispatcherServlet'; @ConditionalOnMissingBean (types: org.springframework.boot.webmvc.autoconfigure.error.ErrorViewResolver; SearchStrategy: all) did not find any beans (OnBeanCondition)

   ErrorMvcAutoConfiguration.WhitelabelErrorViewConfiguration matched:
      - @ConditionalOnBooleanProperty (spring.web.error.whitelabel.enabled=true) matched (OnPropertyCondition)
      - ErrorTemplate Missing did not find error template view (ErrorMvcAutoConfiguration.ErrorTemplateMissingCondition)

   ErrorMvcAutoConfiguration.WhitelabelErrorViewConfiguration#beanNameViewResolver matched:
      - @ConditionalOnMissingBean (types: org.springframework.web.servlet.view.BeanNameViewResolver; SearchStrategy: all) did not find any beans (OnBeanCondition)

   ErrorMvcAutoConfiguration.WhitelabelErrorViewConfiguration#defaultErrorView matched:
      - @ConditionalOnMissingBean (names: error; SearchStrategy: all) did not find any beans (OnBeanCondition)

   HibernateJpaAutoConfiguration matched:
      - @ConditionalOnClass found required classes 'org.springframework.orm.jpa.LocalContainerEntityManagerFactoryBean', 'jakarta.persistence.EntityManager', 'org.hibernate.engine.spi.SessionImplementor' (OnClassCondition)

   HibernateJpaConfiguration matched:
      - @ConditionalOnSingleCandidate (types: javax.sql.DataSource; SearchStrategy: all) found a single bean 'dataSource' (OnBeanCondition)

   HttpEncodingAutoConfiguration matched:
      - @ConditionalOnClass found required class 'org.springframework.web.filter.CharacterEncodingFilter' (OnClassCondition)
      - found 'session' scope (OnWebApplicationCondition)
      - @ConditionalOnBooleanProperty (spring.servlet.encoding.enabled=true) matched (OnPropertyCondition)

   HttpEncodingAutoConfiguration#characterEncodingFilter matched:
      - @ConditionalOnMissingBean (types: org.springframework.web.filter.CharacterEncodingFilter; SearchStrategy: all) did not find any beans (OnBeanCondition)

   HttpMessageConvertersAutoConfiguration matched:
      - @ConditionalOnClass found required class 'org.springframework.http.converter.HttpMessageConverter' (OnClassCondition)
      - NoneNestedConditions 0 matched 1 did not; NestedCondition on HttpMessageConvertersAutoConfiguration.NotReactiveWebApplicationCondition.ReactiveWebApplication did not find reactive web application classes (HttpMessageConvertersAutoConfiguration.NotReactiveWebApplicationCondition)

   HttpMessageConvertersAutoConfiguration.StringHttpMessageConverterConfiguration#stringHttpMessageConvertersCustomizer matched:
      - @ConditionalOnMissingBean (types: org.springframework.http.converter.StringHttpMessageConverter; SearchStrategy: all) did not find any beans (OnBeanCondition)

   JacksonAutoConfiguration matched:
      - @ConditionalOnClass found required class 'tools.jackson.databind.json.JsonMapper' (OnClassCondition)

   JacksonAutoConfiguration#jacksonJsonMapper matched:
      - @ConditionalOnMissingBean (types: tools.jackson.databind.json.JsonMapper; SearchStrategy: all) did not find any beans (OnBeanCondition)

   JacksonAutoConfiguration#jsonMapperBuilder matched:
      - @ConditionalOnMissingBean (types: tools.jackson.databind.json.JsonMapper$Builder; SearchStrategy: all) did not find any beans (OnBeanCondition)

   JacksonAutoConfiguration.JsonProblemDetailsConfiguration matched:
      - @ConditionalOnClass found required class 'org.springframework.http.ProblemDetail' (OnClassCondition)

   JacksonHttpMessageConvertersConfiguration.JacksonJsonHttpMessageConverterConfiguration matched:
      - @ConditionalOnClass found required class 'tools.jackson.databind.json.JsonMapper' (OnClassCondition)
      - @ConditionalOnProperty (spring.http.converters.preferred-json-mapper=jackson) matched (OnPropertyCondition)
      - @ConditionalOnBean (types: tools.jackson.databind.json.JsonMapper; SearchStrategy: all) found bean 'jacksonJsonMapper' (OnBeanCondition)

   JacksonHttpMessageConvertersConfiguration.JacksonJsonHttpMessageConverterConfiguration#jacksonJsonHttpMessageConvertersCustomizer matched:
      - @ConditionalOnMissingBean (types: org.springframework.http.converter.json.JacksonJsonHttpMessageConverter ignored: ?; SearchStrategy: all) did not find any beans (OnBeanCondition)

   JdbcClientAutoConfiguration matched:
      - @ConditionalOnSingleCandidate (types: org.springframework.jdbc.core.namedparam.NamedParameterJdbcTemplate; SearchStrategy: all) found a single bean 'namedParameterJdbcTemplate'; @ConditionalOnMissingBean (types: org.springframework.jdbc.core.simple.JdbcClient; SearchStrategy: all) did not find any beans (OnBeanCondition)

   JdbcTemplateAutoConfiguration matched:
      - @ConditionalOnClass found required classes 'javax.sql.DataSource', 'org.springframework.jdbc.core.JdbcTemplate' (OnClassCondition)
      - @ConditionalOnSingleCandidate (types: javax.sql.DataSource; SearchStrategy: all) found a single bean 'dataSource' (OnBeanCondition)

   JdbcTemplateConfiguration matched:
      - @ConditionalOnMissingBean (types: org.springframework.jdbc.core.JdbcOperations; SearchStrategy: all) did not find any beans (OnBeanCondition)

   JpaBaseConfiguration#entityManagerFactory matched:
      - @ConditionalOnMissingBean (types: org.springframework.orm.jpa.LocalContainerEntityManagerFactoryBean,jakarta.persistence.EntityManagerFactory; SearchStrategy: all) did not find any beans (OnBeanCondition)

   JpaBaseConfiguration#entityManagerFactoryBuilder matched:
      - @ConditionalOnMissingBean (types: org.springframework.boot.jpa.EntityManagerFactoryBuilder; SearchStrategy: all) did not find any beans (OnBeanCondition)

   JpaBaseConfiguration#jpaVendorAdapter matched:
      - @ConditionalOnMissingBean (types: org.springframework.orm.jpa.JpaVendorAdapter; SearchStrategy: all) did not find any beans (OnBeanCondition)

   JpaBaseConfiguration#transactionManager matched:
      - @ConditionalOnMissingBean (types: org.springframework.transaction.TransactionManager; SearchStrategy: all) did not find any beans (OnBeanCondition)

   JpaBaseConfiguration.JpaWebConfiguration matched:
      - @ConditionalOnClass found required class 'org.springframework.web.servlet.config.annotation.WebMvcConfigurer' (OnClassCondition)
      - found 'session' scope (OnWebApplicationCondition)
      - @ConditionalOnBooleanProperty (spring.jpa.open-in-view=true) matched (OnPropertyCondition)
      - @ConditionalOnMissingBean (types: org.springframework.orm.jpa.support.OpenEntityManagerInViewInterceptor,org.springframework.orm.jpa.support.OpenEntityManagerInViewFilter; SearchStrategy: all) did not find any beans (OnBeanCondition)

   JpaBaseConfiguration.PersistenceManagedTypesConfiguration matched:
      - @ConditionalOnMissingBean (types: org.springframework.orm.jpa.LocalContainerEntityManagerFactoryBean,jakarta.persistence.EntityManagerFactory; SearchStrategy: all) did not find any beans (OnBeanCondition)

   JpaBaseConfiguration.PersistenceManagedTypesConfiguration#persistenceManagedTypes matched:
      - @ConditionalOnMissingBean (types: org.springframework.orm.jpa.persistenceunit.PersistenceManagedTypes; SearchStrategy: all) did not find any beans (OnBeanCondition)

   JtaAutoConfiguration matched:
      - @ConditionalOnClass found required class 'jakarta.transaction.Transaction' (OnClassCondition)
      - @ConditionalOnBooleanProperty (spring.jta.enabled=true) matched (OnPropertyCondition)

   LifecycleAutoConfiguration#defaultLifecycleProcessor matched:
      - @ConditionalOnMissingBean (names: lifecycleProcessor; SearchStrategy: current) did not find any beans (OnBeanCondition)

   MultipartAutoConfiguration matched:
      - @ConditionalOnClass found required classes 'jakarta.servlet.Servlet', 'org.springframework.web.multipart.support.StandardServletMultipartResolver', 'jakarta.servlet.MultipartConfigElement' (OnClassCondition)
      - found 'session' scope (OnWebApplicationCondition)
      - @ConditionalOnBooleanProperty (spring.servlet.multipart.enabled=true) matched (OnPropertyCondition)

   MultipartAutoConfiguration#multipartConfigElement matched:
      - @ConditionalOnMissingBean (types: jakarta.servlet.MultipartConfigElement; SearchStrategy: all) did not find any beans (OnBeanCondition)

   MultipartAutoConfiguration#multipartResolver matched:
      - @ConditionalOnMissingBean (types: org.springframework.web.multipart.MultipartResolver; SearchStrategy: all) did not find any beans (OnBeanCondition)

   NamedParameterJdbcTemplateConfiguration matched:
      - @ConditionalOnSingleCandidate (types: org.springframework.jdbc.core.JdbcTemplate; SearchStrategy: all) found a single bean 'jdbcTemplate'; @ConditionalOnMissingBean (types: org.springframework.jdbc.core.namedparam.NamedParameterJdbcOperations; SearchStrategy: all) did not find any beans (OnBeanCondition)

   PersistenceExceptionTranslationAutoConfiguration matched:
      - @ConditionalOnClass found required class 'org.springframework.dao.annotation.PersistenceExceptionTranslationPostProcessor' (OnClassCondition)

   PersistenceExceptionTranslationAutoConfiguration#persistenceExceptionTranslationPostProcessor matched:
      - @ConditionalOnBooleanProperty (spring.persistence.exceptiontranslation.enabled=true) matched (OnPropertyCondition)
      - @ConditionalOnMissingBean (types: org.springframework.dao.annotation.PersistenceExceptionTranslationPostProcessor; SearchStrategy: all) did not find any beans (OnBeanCondition)

   PropertyPlaceholderAutoConfiguration#propertySourcesPlaceholderConfigurer matched:
      - @ConditionalOnMissingBean (types: org.springframework.context.support.PropertySourcesPlaceholderConfigurer; SearchStrategy: current) did not find any beans (OnBeanCondition)

   SslAutoConfiguration#sslBundleRegistry matched:
      - @ConditionalOnMissingBean (types: org.springframework.boot.ssl.SslBundleRegistry,org.springframework.boot.ssl.SslBundles; SearchStrategy: all) did not find any beans (OnBeanCondition)

   TaskExecutionAutoConfiguration matched:
      - @ConditionalOnClass found required class 'org.springframework.scheduling.concurrent.ThreadPoolTaskExecutor' (OnClassCondition)

   TaskExecutorConfigurations.AsyncConfigurerConfiguration matched:
      - @ConditionalOnMissingBean (types: org.springframework.scheduling.annotation.AsyncConfigurer; SearchStrategy: all) did not find any beans (OnBeanCondition)

   TaskExecutorConfigurations.SimpleAsyncTaskExecutorBuilderConfiguration#simpleAsyncTaskExecutorBuilder matched:
      - @ConditionalOnMissingBean (types: org.springframework.boot.task.SimpleAsyncTaskExecutorBuilder; SearchStrategy: all) did not find any beans (OnBeanCondition)
      - @ConditionalOnThreading found PLATFORM (OnThreadingCondition)

   TaskExecutorConfigurations.TaskExecutorConfiguration matched:
      - AnyNestedCondition 1 matched 1 did not; NestedCondition on TaskExecutorConfigurations.OnExecutorCondition.ModelCondition @ConditionalOnProperty (spring.task.execution.mode=force) did not find property 'spring.task.execution.mode'; NestedCondition on TaskExecutorConfigurations.OnExecutorCondition.ExecutorBeanCondition @ConditionalOnMissingBean (types: java.util.concurrent.Executor; SearchStrategy: all) did not find any beans (TaskExecutorConfigurations.OnExecutorCondition)

   TaskExecutorConfigurations.TaskExecutorConfiguration#applicationTaskExecutor matched:
      - @ConditionalOnThreading found PLATFORM (OnThreadingCondition)

   TaskExecutorConfigurations.ThreadPoolTaskExecutorBuilderConfiguration#threadPoolTaskExecutorBuilder matched:
      - @ConditionalOnMissingBean (types: org.springframework.boot.task.ThreadPoolTaskExecutorBuilder; SearchStrategy: all) did not find any beans (OnBeanCondition)

   TaskSchedulingAutoConfiguration matched:
      - @ConditionalOnClass found required class 'org.springframework.scheduling.concurrent.ThreadPoolTaskScheduler' (OnClassCondition)

   TaskSchedulingConfigurations.SimpleAsyncTaskSchedulerBuilderConfiguration#simpleAsyncTaskSchedulerBuilder matched:
      - @ConditionalOnMissingBean (types: org.springframework.boot.task.SimpleAsyncTaskSchedulerBuilder; SearchStrategy: all) did not find any beans (OnBeanCondition)
      - @ConditionalOnThreading found PLATFORM (OnThreadingCondition)

   TaskSchedulingConfigurations.ThreadPoolTaskSchedulerBuilderConfiguration#threadPoolTaskSchedulerBuilder matched:
      - @ConditionalOnMissingBean (types: org.springframework.boot.task.ThreadPoolTaskSchedulerBuilder; SearchStrategy: all) did not find any beans (OnBeanCondition)

   TomcatServletWebServerAutoConfiguration matched:
      - @ConditionalOnClass found required classes 'jakarta.servlet.ServletRequest', 'org.apache.catalina.startup.Tomcat', 'org.apache.coyote.UpgradeProtocol', 'org.springframework.boot.tomcat.servlet.TomcatServletWebServerFactory' (OnClassCondition)
      - found 'session' scope (OnWebApplicationCondition)

   TomcatServletWebServerAutoConfiguration#tomcatServletWebServerFactory matched:
      - @ConditionalOnMissingBean (types: org.springframework.boot.web.server.servlet.ServletWebServerFactory; SearchStrategy: current) did not find any beans (OnBeanCondition)

   TransactionAutoConfiguration matched:
      - @ConditionalOnClass found required class 'org.springframework.transaction.PlatformTransactionManager' (OnClassCondition)

   TransactionAutoConfiguration.EnableTransactionManagementConfiguration matched:
      - @ConditionalOnBean (types: org.springframework.transaction.TransactionManager; SearchStrategy: all) found bean 'transactionManager'; @ConditionalOnMissingBean (types: org.springframework.transaction.annotation.AbstractTransactionManagementConfiguration; SearchStrategy: all) did not find any beans (OnBeanCondition)

   TransactionAutoConfiguration.EnableTransactionManagementConfiguration.CglibAutoProxyConfiguration matched:
      - @ConditionalOnBooleanProperty (spring.aop.proxy-target-class=true) matched (OnPropertyCondition)

   TransactionAutoConfiguration.TransactionTemplateConfiguration matched:
      - @ConditionalOnSingleCandidate (types: org.springframework.transaction.PlatformTransactionManager; SearchStrategy: all) found a single bean 'transactionManager' (OnBeanCondition)

   TransactionAutoConfiguration.TransactionTemplateConfiguration#transactionTemplate matched:
      - @ConditionalOnMissingBean (types: org.springframework.transaction.support.TransactionOperations; SearchStrategy: all) did not find any beans (OnBeanCondition)

   TransactionManagerCustomizationAutoConfiguration matched:
      - @ConditionalOnClass found required class 'org.springframework.transaction.PlatformTransactionManager' (OnClassCondition)

   TransactionManagerCustomizationAutoConfiguration#platformTransactionManagerCustomizers matched:
      - @ConditionalOnMissingBean (types: org.springframework.boot.transaction.autoconfigure.TransactionManagerCustomizers; SearchStrategy: all) did not find any beans (OnBeanCondition)

   WebMvcAutoConfiguration matched:
      - @ConditionalOnClass found required classes 'jakarta.servlet.Servlet', 'org.springframework.web.servlet.DispatcherServlet', 'org.springframework.web.servlet.config.annotation.WebMvcConfigurer' (OnClassCondition)
      - found 'session' scope (OnWebApplicationCondition)
      - @ConditionalOnMissingBean (types: org.springframework.web.servlet.config.annotation.WebMvcConfigurationSupport; SearchStrategy: all) did not find any beans (OnBeanCondition)

   WebMvcAutoConfiguration#formContentFilter matched:
      - @ConditionalOnBooleanProperty (spring.mvc.formcontent.filter.enabled=true) matched (OnPropertyCondition)
      - @ConditionalOnMissingBean (types: org.springframework.web.filter.FormContentFilter; SearchStrategy: all) did not find any beans (OnBeanCondition)

   WebMvcAutoConfiguration.EnableWebMvcConfiguration#flashMapManager matched:
      - @ConditionalOnMissingBean (names: flashMapManager; SearchStrategy: all) did not find any beans (OnBeanCondition)

   WebMvcAutoConfiguration.EnableWebMvcConfiguration#localeResolver matched:
      - @ConditionalOnMissingBean (names: localeResolver; SearchStrategy: all) did not find any beans (OnBeanCondition)

   WebMvcAutoConfiguration.EnableWebMvcConfiguration#viewNameTranslator matched:
      - @ConditionalOnMissingBean (names: viewNameTranslator; SearchStrategy: all) did not find any beans (OnBeanCondition)

   WebMvcAutoConfiguration.WebMvcAutoConfigurationAdapter#defaultViewResolver matched:
      - @ConditionalOnMissingBean (types: org.springframework.web.servlet.view.InternalResourceViewResolver; SearchStrategy: all) did not find any beans (OnBeanCondition)

   WebMvcAutoConfiguration.WebMvcAutoConfigurationAdapter#requestContextFilter matched:
      - @ConditionalOnMissingBean (types: org.springframework.web.context.request.RequestContextListener,org.springframework.web.filter.RequestContextFilter; SearchStrategy: all) did not find any beans (OnBeanCondition)

   WebMvcAutoConfiguration.WebMvcAutoConfigurationAdapter#viewResolver matched:
      - @ConditionalOnBean (types: org.springframework.web.servlet.ViewResolver; SearchStrategy: all) found beans 'defaultViewResolver', 'beanNameViewResolver', 'mvcViewResolver'; @ConditionalOnMissingBean (names: viewResolver types: org.springframework.web.servlet.view.ContentNegotiatingViewResolver; SearchStrategy: all) did not find any beans (OnBeanCondition)


Negative matches:
-----------------

   AopAutoConfiguration.AspectJAutoProxyingConfiguration.JdkDynamicAutoProxyConfiguration:
      Did not match:
         - @ConditionalOnBooleanProperty (spring.aop.proxy-target-class=false) did not find property 'spring.aop.proxy-target-class' (OnPropertyCondition)

   AopAutoConfiguration.ClassProxyingConfiguration:
      Did not match:
         - @ConditionalOnMissingClass found unwanted class 'org.aspectj.weaver.Advice' (OnClassCondition)

   DataJpaRepositoriesAutoConfiguration#entityManagerFactoryBootstrapExecutorCustomizer:
      Did not match:
         - AnyNestedCondition 0 matched 2 did not; NestedCondition on DataJpaRepositoriesAutoConfiguration.BootstrapExecutorCondition.LazyBootstrapMode @ConditionalOnProperty (spring.data.jpa.repositories.bootstrap-mode=lazy) did not find property 'spring.data.jpa.repositories.bootstrap-mode'; NestedCondition on DataJpaRepositoriesAutoConfiguration.BootstrapExecutorCondition.DeferredBootstrapMode @ConditionalOnProperty (spring.data.jpa.repositories.bootstrap-mode=deferred) did not find property 'spring.data.jpa.repositories.bootstrap-mode' (DataJpaRepositoriesAutoConfiguration.BootstrapExecutorCondition)

   DataRepositoryMetricsAutoConfiguration:
      Did not match:
         - @ConditionalOnBean did not find required type 'io.micrometer.core.instrument.MeterRegistry' (OnBeanCondition)

   DataSourceAutoConfiguration.EmbeddedDatabaseConfiguration:
      Did not match:
         - EmbeddedDataSource spring.datasource.url is set (DataSourceAutoConfiguration.EmbeddedDatabaseCondition)

   DataSourceCheckpointRestoreConfiguration:
      Did not match:
         - @ConditionalOnClass did not find required class 'org.crac.Resource' (OnClassCondition)

   DataSourceConfiguration.Dbcp2:
      Did not match:
         - @ConditionalOnClass did not find required class 'org.apache.commons.dbcp2.BasicDataSource' (OnClassCondition)

   DataSourceConfiguration.Generic:
      Did not match:
         - @ConditionalOnProperty (spring.datasource.type) did not find property 'spring.datasource.type' (OnPropertyCondition)

   DataSourceConfiguration.OracleUcp:
      Did not match:
         - @ConditionalOnClass did not find required classes 'oracle.ucp.jdbc.PoolDataSourceImpl', 'oracle.jdbc.OracleConnection' (OnClassCondition)

   DataSourceConfiguration.Tomcat:
      Did not match:
         - @ConditionalOnClass did not find required class 'org.apache.tomcat.jdbc.pool.DataSource' (OnClassCondition)

   DataSourceHealthContributorAutoConfiguration:
      Did not match:
         - @ConditionalOnClass did not find required class 'org.springframework.boot.health.autoconfigure.contributor.ConditionalOnEnabledHealthIndicator' (OnClassCondition)

   DataSourceJmxConfiguration:
      Did not match:
         - @ConditionalOnBooleanProperty (spring.jmx.enabled=true) found different value in property 'spring.jmx.enabled' (OnPropertyCondition)

   DataSourcePoolMetadataProvidersConfiguration.CommonsDbcp2PoolDataSourceMetadataProviderConfiguration:
      Did not match:
         - @ConditionalOnClass did not find required class 'org.apache.commons.dbcp2.BasicDataSource' (OnClassCondition)

   DataSourcePoolMetadataProvidersConfiguration.OracleUcpPoolDataSourceMetadataProviderConfiguration:
      Did not match:
         - @ConditionalOnClass did not find required classes 'oracle.ucp.jdbc.PoolDataSource', 'oracle.jdbc.OracleConnection' (OnClassCondition)

   DataSourcePoolMetadataProvidersConfiguration.TomcatDataSourcePoolMetadataProviderConfiguration:
      Did not match:
         - @ConditionalOnClass did not find required class 'org.apache.tomcat.jdbc.pool.DataSource' (OnClassCondition)

   DataSourcePoolMetricsAutoConfiguration:
      Did not match:
         - @ConditionalOnClass did not find required class 'io.micrometer.core.instrument.MeterRegistry' (OnClassCondition)

   DataSourceTransactionManagerAutoConfiguration.JdbcTransactionManagerConfiguration#transactionManager:
      Did not match:
         - @ConditionalOnMissingBean (types: org.springframework.transaction.TransactionManager; SearchStrategy: all) found beans of type 'org.springframework.transaction.TransactionManager' transactionManager (OnBeanCondition)

   DevToolsDataSourceAutoConfiguration:
      Did not match:
         - Devtools devtools is disabled for current context. (OnEnabledDevToolsCondition)
      Matched:
         - @ConditionalOnClass found required class 'javax.sql.DataSource' (OnClassCondition)

   DevToolsR2dbcAutoConfiguration:
      Did not match:
         - @ConditionalOnClass did not find required class 'io.r2dbc.spi.ConnectionFactory' (OnClassCondition)

   DispatcherServletAutoConfiguration.DispatcherServletConfiguration#multipartResolver:
      Did not match:
         - @ConditionalOnBean (types: org.springframework.web.multipart.MultipartResolver; SearchStrategy: all) did not find any beans of type org.springframework.web.multipart.MultipartResolver (OnBeanCondition)

   GsonHttpMessageConvertersConfiguration:
      Did not match:
         - @ConditionalOnClass did not find required class 'com.google.gson.Gson' (OnClassCondition)

   HibernateMetricsAutoConfiguration:
      Did not match:
         - @ConditionalOnClass did not find required class 'io.micrometer.core.instrument.MeterRegistry' (OnClassCondition)

   Jackson2HttpMessageConvertersConfiguration.MappingJackson2HttpMessageConverterConfiguration:
      Did not match:
         - @ConditionalOnClass did not find required class 'com.fasterxml.jackson.databind.ObjectMapper' (OnClassCondition)

   Jackson2HttpMessageConvertersConfiguration.MappingJackson2XmlHttpMessageConverterConfiguration:
      Did not match:
         - @ConditionalOnClass did not find required class 'tools.jackson.dataformat.xml.XmlMapper' (OnClassCondition)

   JacksonAutoConfiguration.CborConfiguration:
      Did not match:
         - @ConditionalOnClass did not find required class 'tools.jackson.dataformat.cbor.CBORMapper' (OnClassCondition)

   JacksonAutoConfiguration.XmlConfiguration:
      Did not match:
         - @ConditionalOnClass did not find required class 'tools.jackson.dataformat.xml.XmlMapper' (OnClassCondition)

   JacksonHttpMessageConvertersConfiguration.JacksonXmlHttpMessageConverterConfiguration:
      Did not match:
         - @ConditionalOnClass did not find required class 'tools.jackson.dataformat.xml.XmlMapper' (OnClassCondition)

   JmxAutoConfiguration:
      Did not match:
         - @ConditionalOnBooleanProperty (spring.jmx.enabled=true) found different value in property 'spring.jmx.enabled' (OnPropertyCondition)
      Matched:
         - @ConditionalOnClass found required class 'org.springframework.jmx.export.MBeanExporter' (OnClassCondition)

   JndiDataSourceAutoConfiguration:
      Did not match:
         - @ConditionalOnProperty (spring.datasource.jndi-name) did not find property 'spring.datasource.jndi-name' (OnPropertyCondition)
      Matched:
         - @ConditionalOnClass found required classes 'javax.sql.DataSource', 'org.springframework.jdbc.datasource.embedded.EmbeddedDatabaseType' (OnClassCondition)

   JndiJtaConfiguration:
      Did not match:
         - @ConditionalOnJndi JNDI environment is not available (OnJndiCondition)
      Matched:
         - @ConditionalOnClass found required class 'org.springframework.transaction.jta.JtaTransactionManager' (OnClassCondition)

   JsonbHttpMessageConvertersConfiguration:
      Did not match:
         - @ConditionalOnClass did not find required class 'jakarta.json.bind.Jsonb' (OnClassCondition)

   KotlinSerializationHttpMessageConvertersConfiguration:
      Did not match:
         - @ConditionalOnClass did not find required classes 'kotlinx.serialization.Serializable', 'kotlinx.serialization.json.Json' (OnClassCondition)

   LocalDevToolsAutoConfiguration:
      Did not match:
         - Initialized Restarter Condition initialized without URLs (OnInitializedRestarterCondition)

   MessageSourceAutoConfiguration:
      Did not match:
         - ResourceBundle did not find bundle with basename messages (MessageSourceAutoConfiguration.ResourceBundleCondition)

   ProjectInfoAutoConfiguration#buildProperties:
      Did not match:
         - @ConditionalOnResource did not find resource '${spring.info.build.location:classpath:META-INF/build-info.properties}' (OnResourceCondition)

   ProjectInfoAutoConfiguration#gitProperties:
      Did not match:
         - GitResource did not find git info at classpath:git.properties (ProjectInfoAutoConfiguration.GitResourceAvailableCondition)

   RemoteDevToolsAutoConfiguration:
      Did not match:
         - @ConditionalOnProperty (spring.devtools.remote.secret) did not find property 'spring.devtools.remote.secret' (OnPropertyCondition)
      Matched:
         - @ConditionalOnClass found required classes 'jakarta.servlet.Filter', 'org.springframework.http.server.ServerHttpRequest', 'org.springframework.boot.web.server.autoconfigure.ServerProperties' (OnClassCondition)

   ServletHttpExchangesAutoConfiguration:
      Did not match:
         - @ConditionalOnBean did not find required type 'org.springframework.boot.actuate.web.exchanges.HttpExchangeRepository' (OnBeanCondition)

   ServletManagementContextAutoConfiguration:
      Did not match:
         - @ConditionalOnClass did not find required class 'org.springframework.boot.actuate.autoconfigure.endpoint.web.WebEndpointProperties' (OnClassCondition)

   ServletMappingsAutoConfiguration:
      Did not match:
         - @ConditionalOnClass did not find required class 'org.springframework.boot.actuate.autoconfigure.endpoint.condition.ConditionalOnAvailableEndpoint' (OnClassCondition)

   ServletWebServerConfiguration#forwardedHeaderFilter:
      Did not match:
         - @ConditionalOnProperty (server.forward-headers-strategy=framework) did not find property 'server.forward-headers-strategy' (OnPropertyCondition)

   SpringApplicationAdminJmxAutoConfiguration:
      Did not match:
         - @ConditionalOnBooleanProperty (spring.application.admin.enabled=true) did not find property 'spring.application.admin.enabled' (OnPropertyCondition)

   TaskExecutorConfigurations.AsyncConfigurerWrapperConfiguration:
      Did not match:
         - @ConditionalOnBean (types: org.springframework.scheduling.annotation.AsyncConfigurer; SearchStrategy: all) did not find any beans of type org.springframework.scheduling.annotation.AsyncConfigurer (OnBeanCondition)

   TaskExecutorConfigurations.SimpleAsyncTaskExecutorBuilderConfiguration#simpleAsyncTaskExecutorBuilderVirtualThreads:
      Did not match:
         - @ConditionalOnThreading did not find VIRTUAL (OnThreadingCondition)

   TaskExecutorConfigurations.TaskExecutorConfiguration#applicationTaskExecutorVirtualThreads:
      Did not match:
         - @ConditionalOnThreading did not find VIRTUAL (OnThreadingCondition)

   TaskSchedulingAutoConfiguration#scheduledBeanLazyInitializationExcludeFilter:
      Did not match:
         - @ConditionalOnBean (names: org.springframework.scheduling.config.internalScheduledAnnotationProcessor; SearchStrategy: all) did not find any beans named org.springframework.scheduling.config.internalScheduledAnnotationProcessor (OnBeanCondition)

   TaskSchedulingConfigurations.SimpleAsyncTaskSchedulerBuilderConfiguration#simpleAsyncTaskSchedulerBuilderVirtualThreads:
      Did not match:
         - @ConditionalOnMissingBean (types: org.springframework.boot.task.SimpleAsyncTaskSchedulerBuilder; SearchStrategy: all) found beans of type 'org.springframework.boot.task.SimpleAsyncTaskSchedulerBuilder' simpleAsyncTaskSchedulerBuilder (OnBeanCondition)

   TaskSchedulingConfigurations.TaskSchedulerConfiguration:
      Did not match:
         - @ConditionalOnBean (names: org.springframework.scheduling.config.internalScheduledAnnotationProcessor; SearchStrategy: all) did not find any beans named org.springframework.scheduling.config.internalScheduledAnnotationProcessor (OnBeanCondition)

   TomcatMetricsAutoConfiguration:
      Did not match:
         - @ConditionalOnClass did not find required class 'io.micrometer.core.instrument.binder.tomcat.TomcatMetrics' (OnClassCondition)

   TomcatReactiveManagementContextAutoConfiguration:
      Did not match:
         - @ConditionalOnClass did not find required class 'org.springframework.boot.actuate.autoconfigure.web.server.ManagementContextFactory' (OnClassCondition)

   TomcatReactiveWebServerAutoConfiguration:
      Did not match:
         - @ConditionalOnWebApplication did not find reactive web application classes (OnWebApplicationCondition)

   TomcatServletManagementContextAutoConfiguration:
      Did not match:
         - @ConditionalOnClass did not find required class 'org.springframework.boot.actuate.autoconfigure.web.server.ManagementContextFactory' (OnClassCondition)

   TomcatServletWebServerAutoConfiguration#tomcatForwardedHeaderFilterCustomizer:
      Did not match:
         - @ConditionalOnProperty (server.forward-headers-strategy=framework) did not find property 'server.forward-headers-strategy' (OnPropertyCondition)

   TomcatWebServerConfiguration:
      Did not match:
         - Application is deployed as a WAR file. (OnWarDeploymentCondition)

   TransactionAutoConfiguration#transactionalOperator:
      Did not match:
         - @ConditionalOnSingleCandidate (types: org.springframework.transaction.ReactiveTransactionManager; SearchStrategy: all) did not find any beans (OnBeanCondition)

   TransactionAutoConfiguration.AspectJTransactionManagementConfiguration:
      Did not match:
         - @ConditionalOnBean (types: org.springframework.transaction.aspectj.AbstractTransactionAspect; SearchStrategy: all) did not find any beans of type org.springframework.transaction.aspectj.AbstractTransactionAspect (OnBeanCondition)

   TransactionAutoConfiguration.EnableTransactionManagementConfiguration.JdkDynamicAutoProxyConfiguration:
      Did not match:
         - @ConditionalOnBooleanProperty (spring.aop.proxy-target-class=false) did not find property 'spring.aop.proxy-target-class' (OnPropertyCondition)

   WebMvcAutoConfiguration#hiddenHttpMethodFilter:
      Did not match:
         - @ConditionalOnBooleanProperty (spring.mvc.hiddenmethod.filter.enabled=true) did not find property 'spring.mvc.hiddenmethod.filter.enabled' (OnPropertyCondition)

   WebMvcAutoConfiguration.ProblemDetailsErrorHandlingConfiguration:
      Did not match:
         - @ConditionalOnBooleanProperty (spring.mvc.problemdetails.enabled=true) did not find property 'spring.mvc.problemdetails.enabled' (OnPropertyCondition)

   WebMvcAutoConfiguration.ResourceChainCustomizerConfiguration:
      Did not match:
         - @ConditionalOnEnabledResourceChain did not find class org.webjars.WebJarVersionLocator (OnEnabledResourceChainCondition)

   WebMvcAutoConfiguration.WebMvcAutoConfigurationAdapter#beanNameViewResolver:
      Did not match:
         - @ConditionalOnMissingBean (types: org.springframework.web.servlet.view.BeanNameViewResolver; SearchStrategy: all) found beans of type 'org.springframework.web.servlet.view.BeanNameViewResolver' beanNameViewResolver (OnBeanCondition)

   WebMvcHealthEndpointExtensionAutoConfiguration:
      Did not match:
         - @ConditionalOnClass did not find required class 'org.springframework.boot.health.actuate.endpoint.HealthEndpoint' (OnClassCondition)

   WebMvcMappingsAutoConfiguration:
      Did not match:
         - @ConditionalOnClass did not find required class 'org.springframework.boot.actuate.autoconfigure.endpoint.condition.ConditionalOnAvailableEndpoint' (OnClassCondition)

   WebMvcObservationAutoConfiguration:
      Did not match:
         - @ConditionalOnBean (types: io.micrometer.observation.ObservationRegistry; SearchStrategy: all) did not find any beans of type io.micrometer.observation.ObservationRegistry (OnBeanCondition)
      Matched:
         - @ConditionalOnClass found required classes 'org.springframework.web.servlet.DispatcherServlet', 'io.micrometer.observation.Observation' (OnClassCondition)
         - found 'session' scope (OnWebApplicationCondition)

   WebMvcObservationAutoConfiguration.MeterFilterConfiguration:
      Did not match:
         - @ConditionalOnClass did not find required class 'io.micrometer.core.instrument.MeterRegistry' (OnClassCondition)
         - Ancestor org.springframework.boot.webmvc.autoconfigure.WebMvcObservationAutoConfiguration did not match (ConditionEvaluationReport.AncestorsMatchedCondition)

   XADataSourceAutoConfiguration:
      Did not match:
         - @ConditionalOnBean (types: org.springframework.boot.jdbc.XADataSourceWrapper; SearchStrategy: all) did not find any beans of type org.springframework.boot.jdbc.XADataSourceWrapper (OnBeanCondition)
      Matched:
         - @ConditionalOnClass found required classes 'javax.sql.DataSource', 'jakarta.transaction.TransactionManager', 'org.springframework.jdbc.datasource.embedded.EmbeddedDatabaseType' (OnClassCondition)


Exclusions:
-----------

    None


Unconditional classes:
----------------------

    org.springframework.boot.autoconfigure.context.ConfigurationPropertiesAutoConfiguration

    org.springframework.boot.autoconfigure.ssl.SslAutoConfiguration

    org.springframework.boot.autoconfigure.context.LifecycleAutoConfiguration

    org.springframework.boot.autoconfigure.context.PropertyPlaceholderAutoConfiguration

    org.springframework.boot.autoconfigure.availability.ApplicationAvailabilityAutoConfiguration

    org.springframework.boot.autoconfigure.info.ProjectInfoAutoConfiguration



2025-12-26 23:11:29 INFO  c.p.p.p.ProjectionReadyFeaturesApplicationTests - Started ProjectionReadyFeaturesApplicationTests in 1.519 seconds (process running for 1.974)
2025-12-26 23:11:29 DEBUG o.s.b.a.ApplicationAvailabilityBean - Application availability state LivenessState changed to CORRECT
2025-12-26 23:11:29 DEBUG o.s.b.d.r.Restarter - Creating new Restarter for thread Thread[#3,main,5,main]
2025-12-26 23:11:29 DEBUG o.s.b.a.ApplicationAvailabilityBean - Application availability state ReadinessState changed to ACCEPTING_TRAFFIC
2025-12-26 23:11:29 DEBUG o.s.t.c.cache - Spring test ApplicationContext cache statistics: [DefaultContextCache@796eeafb size = 1, maxSize = 32, contextUsageCount = 0, parentContextCount = 0, hitCount = 0, missCount = 1, failureCount = 0]
2025-12-26 23:11:29 DEBUG o.s.t.c.w.ServletTestExecutionListener - Setting up MockHttpServletRequest, MockHttpServletResponse, ServletWebRequest, and RequestContextHolder for test class com.projects.parthiv.projection_ready_features.ProjectionReadyFeaturesApplicationTests
2025-12-26 23:11:29 DEBUG o.s.t.c.s.DependencyInjectionTestExecutionListener - Performing dependency injection for test class com.projects.parthiv.projection_ready_features.ProjectionReadyFeaturesApplicationTests
2025-12-26 23:11:29 DEBUG o.s.t.c.cache - Spring test ApplicationContext cache statistics: [DefaultContextCache@796eeafb size = 1, maxSize = 32, contextUsageCount = 1, parentContextCount = 0, hitCount = 1, missCount = 1, failureCount = 0]
2025-12-26 23:11:29 DEBUG o.s.t.c.cache - Spring test ApplicationContext cache statistics: [DefaultContextCache@796eeafb size = 1, maxSize = 32, contextUsageCount = 1, parentContextCount = 0, hitCount = 2, missCount = 1, failureCount = 0]
2025-12-26 23:11:29 DEBUG o.s.t.c.s.DirtiesContextBeforeModesTestExecutionListener - Before test method: class [ProjectionReadyFeaturesApplicationTests], method [createNewEmployeeTest], class annotated with @DirtiesContext [false] with mode [null], method annotated with @DirtiesContext [false] with mode [null]
2025-12-26 23:11:29 DEBUG o.s.t.c.cache - Spring test ApplicationContext cache statistics: [DefaultContextCache@796eeafb size = 1, maxSize = 32, contextUsageCount = 1, parentContextCount = 0, hitCount = 3, missCount = 1, failureCount = 0]
2025-12-26 23:11:30 DEBUG o.s.t.c.cache - Spring test ApplicationContext cache statistics: [DefaultContextCache@796eeafb size = 1, maxSize = 32, contextUsageCount = 1, parentContextCount = 0, hitCount = 4, missCount = 1, failureCount = 0]
2025-12-26 23:11:30 DEBUG o.s.t.c.cache - Spring test ApplicationContext cache statistics: [DefaultContextCache@796eeafb size = 1, maxSize = 32, contextUsageCount = 1, parentContextCount = 0, hitCount = 5, missCount = 1, failureCount = 0]
2025-12-26 23:11:30 INFO  c.p.p.p.i.EmployeeClientImpl - Attempting to call the restClient method in createNewEmployee
2025-12-26 23:11:30 DEBUG o.s.w.c.DefaultRestClient - Writing [EmployeeDTO(id=null, name=Parthiv, email=parthiv@gmail.com, age=21, role=USER, salary=5000, dateOfJoining=2020-12-01, isActive=true)] as "application/json" with org.springframework.http.converter.json.JacksonJsonHttpMessageConverter
2025-12-26 23:11:30 DEBUG o.s.w.c.DefaultRestClient - Reading to [com.projects.parthiv.projection_ready_features.advice.ApiResponse<com.projects.parthiv.projection_ready_features.dto.EmployeeDTO>]
2025-12-26 23:11:30 DEBUG c.p.p.p.i.EmployeeClientImpl - Successfully created employee in createNewEmployee
2025-12-26 23:11:30 DEBUG o.s.t.c.cache - Spring test ApplicationContext cache statistics: [DefaultContextCache@796eeafb size = 1, maxSize = 32, contextUsageCount = 1, parentContextCount = 0, hitCount = 6, missCount = 1, failureCount = 0]
2025-12-26 23:11:30 DEBUG o.s.t.c.cache - Spring test ApplicationContext cache statistics: [DefaultContextCache@796eeafb size = 1, maxSize = 32, contextUsageCount = 1, parentContextCount = 0, hitCount = 7, missCount = 1, failureCount = 0]
2025-12-26 23:11:30 DEBUG o.s.t.c.cache - Spring test ApplicationContext cache statistics: [DefaultContextCache@796eeafb size = 1, maxSize = 32, contextUsageCount = 1, parentContextCount = 0, hitCount = 8, missCount = 1, failureCount = 0]
2025-12-26 23:11:30 DEBUG o.s.t.c.cache - Spring test ApplicationContext cache statistics: [DefaultContextCache@796eeafb size = 1, maxSize = 32, contextUsageCount = 1, parentContextCount = 0, hitCount = 9, missCount = 1, failureCount = 0]
2025-12-26 23:11:30 DEBUG o.s.t.c.cache - Spring test ApplicationContext cache statistics: [DefaultContextCache@796eeafb size = 1, maxSize = 32, contextUsageCount = 1, parentContextCount = 0, hitCount = 10, missCount = 1, failureCount = 0]
2025-12-26 23:11:30 DEBUG o.s.t.c.s.DirtiesContextTestExecutionListener - After test method: class [ProjectionReadyFeaturesApplicationTests], method [createNewEmployeeTest], class annotated with @DirtiesContext [false] with mode [null], method annotated with @DirtiesContext [false] with mode [null]
2025-12-26 23:11:30 DEBUG o.s.t.c.w.ServletTestExecutionListener - Resetting RequestContextHolder for test class com.projects.parthiv.projection_ready_features.ProjectionReadyFeaturesApplicationTests
2025-12-26 23:11:30 DEBUG o.s.t.c.cache - Spring test ApplicationContext cache statistics: [DefaultContextCache@796eeafb size = 1, maxSize = 32, contextUsageCount = 1, parentContextCount = 0, hitCount = 11, missCount = 1, failureCount = 0]
2025-12-26 23:11:30 DEBUG o.s.t.c.w.ServletTestExecutionListener - Setting up MockHttpServletRequest, MockHttpServletResponse, ServletWebRequest, and RequestContextHolder for test class com.projects.parthiv.projection_ready_features.ProjectionReadyFeaturesApplicationTests
2025-12-26 23:11:30 DEBUG o.s.t.c.s.DependencyInjectionTestExecutionListener - Performing dependency injection for test class com.projects.parthiv.projection_ready_features.ProjectionReadyFeaturesApplicationTests
2025-12-26 23:11:30 DEBUG o.s.t.c.cache - Spring test ApplicationContext cache statistics: [DefaultContextCache@796eeafb size = 1, maxSize = 32, contextUsageCount = 1, parentContextCount = 0, hitCount = 12, missCount = 1, failureCount = 0]
2025-12-26 23:11:30 DEBUG o.s.t.c.cache - Spring test ApplicationContext cache statistics: [DefaultContextCache@796eeafb size = 1, maxSize = 32, contextUsageCount = 1, parentContextCount = 0, hitCount = 13, missCount = 1, failureCount = 0]
2025-12-26 23:11:30 DEBUG o.s.t.c.s.DirtiesContextBeforeModesTestExecutionListener - Before test method: class [ProjectionReadyFeaturesApplicationTests], method [getEmployeeByIdTest], class annotated with @DirtiesContext [false] with mode [null], method annotated with @DirtiesContext [false] with mode [null]
2025-12-26 23:11:30 DEBUG o.s.t.c.cache - Spring test ApplicationContext cache statistics: [DefaultContextCache@796eeafb size = 1, maxSize = 32, contextUsageCount = 1, parentContextCount = 0, hitCount = 14, missCount = 1, failureCount = 0]
2025-12-26 23:11:30 DEBUG o.s.t.c.cache - Spring test ApplicationContext cache statistics: [DefaultContextCache@796eeafb size = 1, maxSize = 32, contextUsageCount = 1, parentContextCount = 0, hitCount = 15, missCount = 1, failureCount = 0]
2025-12-26 23:11:30 DEBUG o.s.t.c.cache - Spring test ApplicationContext cache statistics: [DefaultContextCache@796eeafb size = 1, maxSize = 32, contextUsageCount = 1, parentContextCount = 0, hitCount = 16, missCount = 1, failureCount = 0]
2025-12-26 23:11:30 INFO  c.p.p.p.i.EmployeeClientImpl - Attempting to call the restClient method in getEmployeeById for id 9
2025-12-26 23:11:30 ERROR c.p.p.p.i.EmployeeClientImpl - Exception occurred in getEmployeeById for id 9
org.springframework.web.client.HttpClientErrorException$NotFound: 404 Not Found: "{"timeStamp":"2025-12-26T23:11:30.270224","data":null,"error":{"status":"NOT_FOUND","message":"Employee Not Found with id: 9","subErrors":null}}"
	at org.springframework.web.client.HttpClientErrorException.create(HttpClientErrorException.java:115)
	at org.springframework.web.client.StatusHandler.createException(StatusHandler.java:132)
	at org.springframework.web.client.StatusHandler.lambda$createDefaultStatusHandler$1(StatusHandler.java:107)
	at org.springframework.web.client.StatusHandler.handle(StatusHandler.java:75)
	at org.springframework.web.client.DefaultRestClient$DefaultResponseSpec.applyStatusHandlers(DefaultRestClient.java:915)
	at org.springframework.web.client.DefaultRestClient$DefaultResponseSpec.lambda$readBody$0(DefaultRestClient.java:904)
	at org.springframework.web.client.DefaultRestClient.readWithMessageConverters(DefaultRestClient.java:223)
	at org.springframework.web.client.DefaultRestClient$DefaultResponseSpec.readBody(DefaultRestClient.java:903)
	at org.springframework.web.client.DefaultRestClient$DefaultResponseSpec.lambda$body$1(DefaultRestClient.java:826)
	at org.springframework.web.client.DefaultRestClient$DefaultRequestBodyUriSpec.exchangeInternal(DefaultRestClient.java:612)
	at org.springframework.web.client.DefaultRestClient$DefaultRequestBodyUriSpec.exchange(DefaultRestClient.java:567)
	at org.springframework.web.client.RestClient$RequestHeadersSpec.exchange(RestClient.java:750)
	at org.springframework.web.client.DefaultRestClient$DefaultResponseSpec.executeAndExtract(DefaultRestClient.java:896)
	at org.springframework.web.client.DefaultRestClient$DefaultResponseSpec.body(DefaultRestClient.java:826)
	at com.projects.parthiv.projection_ready_features.impl.EmployeeClientImpl.getEmployeeById(EmployeeClientImpl.java:64)
	at com.projects.parthiv.projection_ready_features.ProjectionReadyFeaturesApplicationTests.getEmployeeByIdTest(ProjectionReadyFeaturesApplicationTests.java:36)
	at java.base/jdk.internal.reflect.DirectMethodHandleAccessor.invoke(DirectMethodHandleAccessor.java:104)
	at java.base/java.lang.reflect.Method.invoke(Method.java:565)
	at org.junit.platform.commons.util.ReflectionUtils.invokeMethod(ReflectionUtils.java:701)
	at org.junit.platform.commons.support.ReflectionSupport.invokeMethod(ReflectionSupport.java:502)
	at org.junit.jupiter.engine.support.MethodReflectionUtils.invoke(MethodReflectionUtils.java:45)
	at org.junit.jupiter.engine.execution.MethodInvocation.proceed(MethodInvocation.java:61)
	at org.junit.jupiter.engine.execution.InvocationInterceptorChain$ValidatingInvocation.proceed(InvocationInterceptorChain.java:124)
	at org.junit.jupiter.engine.extension.TimeoutExtension.intercept(TimeoutExtension.java:163)
	at org.junit.jupiter.engine.extension.TimeoutExtension.interceptTestableMethod(TimeoutExtension.java:148)
	at org.junit.jupiter.engine.extension.TimeoutExtension.interceptTestMethod(TimeoutExtension.java:86)
	at org.junit.jupiter.engine.execution.InterceptingExecutableInvoker$ReflectiveInterceptorCall.lambda$ofVoidMethod$0(InterceptingExecutableInvoker.java:123)
	at org.junit.jupiter.engine.execution.InterceptingExecutableInvoker.lambda$invoke$0(InterceptingExecutableInvoker.java:105)
	at org.junit.jupiter.engine.execution.InvocationInterceptorChain$InterceptedInvocation.proceed(InvocationInterceptorChain.java:99)
	at org.junit.jupiter.engine.execution.InvocationInterceptorChain.proceed(InvocationInterceptorChain.java:66)
	at org.junit.jupiter.engine.execution.InvocationInterceptorChain.chainAndInvoke(InvocationInterceptorChain.java:47)
	at org.junit.jupiter.engine.execution.InvocationInterceptorChain.invoke(InvocationInterceptorChain.java:39)
	at org.junit.jupiter.engine.execution.InterceptingExecutableInvoker.invoke(InterceptingExecutableInvoker.java:104)
	at org.junit.jupiter.engine.execution.InterceptingExecutableInvoker.invoke(InterceptingExecutableInvoker.java:98)
	at org.junit.jupiter.engine.execution.InterceptingExecutableInvoker.invokeVoid(InterceptingExecutableInvoker.java:71)
	at org.junit.jupiter.engine.descriptor.TestMethodTestDescriptor.lambda$invokeTestMethod$0(TestMethodTestDescriptor.java:219)
	at org.junit.platform.engine.support.hierarchical.ThrowableCollector.execute(ThrowableCollector.java:74)
	at org.junit.jupiter.engine.descriptor.TestMethodTestDescriptor.invokeTestMethod(TestMethodTestDescriptor.java:215)
	at org.junit.jupiter.engine.descriptor.TestMethodTestDescriptor.execute(TestMethodTestDescriptor.java:157)
	at org.junit.jupiter.engine.descriptor.TestMethodTestDescriptor.execute(TestMethodTestDescriptor.java:70)
	at org.junit.platform.engine.support.hierarchical.NodeTestTask.lambda$executeRecursively$2(NodeTestTask.java:176)
	at org.junit.platform.engine.support.hierarchical.ThrowableCollector.execute(ThrowableCollector.java:74)
	at org.junit.platform.engine.support.hierarchical.NodeTestTask.lambda$executeRecursively$1(NodeTestTask.java:166)
	at org.junit.platform.engine.support.hierarchical.Node.around(Node.java:138)
	at org.junit.platform.engine.support.hierarchical.NodeTestTask.lambda$executeRecursively$0(NodeTestTask.java:164)
	at org.junit.platform.engine.support.hierarchical.ThrowableCollector.execute(ThrowableCollector.java:74)
	at org.junit.platform.engine.support.hierarchical.NodeTestTask.executeRecursively(NodeTestTask.java:163)
	at org.junit.platform.engine.support.hierarchical.NodeTestTask.execute(NodeTestTask.java:116)
	at java.base/java.util.ArrayList.forEach(ArrayList.java:1604)
	at org.junit.platform.engine.support.hierarchical.SameThreadHierarchicalTestExecutorService.invokeAll(SameThreadHierarchicalTestExecutorService.java:42)
	at org.junit.platform.engine.support.hierarchical.NodeTestTask.lambda$executeRecursively$2(NodeTestTask.java:180)
	at org.junit.platform.engine.support.hierarchical.ThrowableCollector.execute(ThrowableCollector.java:74)
	at org.junit.platform.engine.support.hierarchical.NodeTestTask.lambda$executeRecursively$1(NodeTestTask.java:166)
	at org.junit.platform.engine.support.hierarchical.Node.around(Node.java:138)
	at org.junit.platform.engine.support.hierarchical.NodeTestTask.lambda$executeRecursively$0(NodeTestTask.java:164)
	at org.junit.platform.engine.support.hierarchical.ThrowableCollector.execute(ThrowableCollector.java:74)
	at org.junit.platform.engine.support.hierarchical.NodeTestTask.executeRecursively(NodeTestTask.java:163)
	at org.junit.platform.engine.support.hierarchical.NodeTestTask.execute(NodeTestTask.java:116)
	at java.base/java.util.ArrayList.forEach(ArrayList.java:1604)
	at org.junit.platform.engine.support.hierarchical.SameThreadHierarchicalTestExecutorService.invokeAll(SameThreadHierarchicalTestExecutorService.java:42)
	at org.junit.platform.engine.support.hierarchical.NodeTestTask.lambda$executeRecursively$2(NodeTestTask.java:180)
	at org.junit.platform.engine.support.hierarchical.ThrowableCollector.execute(ThrowableCollector.java:74)
	at org.junit.platform.engine.support.hierarchical.NodeTestTask.lambda$executeRecursively$1(NodeTestTask.java:166)
	at org.junit.platform.engine.support.hierarchical.Node.around(Node.java:138)
	at org.junit.platform.engine.support.hierarchical.NodeTestTask.lambda$executeRecursively$0(NodeTestTask.java:164)
	at org.junit.platform.engine.support.hierarchical.ThrowableCollector.execute(ThrowableCollector.java:74)
	at org.junit.platform.engine.support.hierarchical.NodeTestTask.executeRecursively(NodeTestTask.java:163)
	at org.junit.platform.engine.support.hierarchical.NodeTestTask.execute(NodeTestTask.java:116)
	at org.junit.platform.engine.support.hierarchical.SameThreadHierarchicalTestExecutorService.submit(SameThreadHierarchicalTestExecutorService.java:36)
	at org.junit.platform.engine.support.hierarchical.HierarchicalTestExecutor.execute(HierarchicalTestExecutor.java:52)
	at org.junit.platform.engine.support.hierarchical.HierarchicalTestEngine.execute(HierarchicalTestEngine.java:58)
	at org.junit.platform.launcher.core.EngineExecutionOrchestrator.executeEngine(EngineExecutionOrchestrator.java:246)
	at org.junit.platform.launcher.core.EngineExecutionOrchestrator.failOrExecuteEngine(EngineExecutionOrchestrator.java:218)
	at org.junit.platform.launcher.core.EngineExecutionOrchestrator.execute(EngineExecutionOrchestrator.java:179)
	at org.junit.platform.launcher.core.EngineExecutionOrchestrator.execute(EngineExecutionOrchestrator.java:108)
	at org.junit.platform.launcher.core.EngineExecutionOrchestrator.lambda$execute$0(EngineExecutionOrchestrator.java:66)
	at org.junit.platform.launcher.core.EngineExecutionOrchestrator.withInterceptedStreams(EngineExecutionOrchestrator.java:157)
	at org.junit.platform.launcher.core.EngineExecutionOrchestrator.execute(EngineExecutionOrchestrator.java:65)
	at org.junit.platform.launcher.core.DefaultLauncher.execute(DefaultLauncher.java:125)
	at org.junit.platform.launcher.core.DefaultLauncher.execute(DefaultLauncher.java:114)
	at org.junit.platform.launcher.core.DefaultLauncher.execute(DefaultLauncher.java:93)
	at org.junit.platform.launcher.core.DelegatingLauncher.execute(DelegatingLauncher.java:48)
	at org.junit.platform.launcher.core.InterceptingLauncher.lambda$execute$0(InterceptingLauncher.java:41)
	at org.junit.platform.launcher.core.ClasspathAlignmentCheckingLauncherInterceptor.intercept(ClasspathAlignmentCheckingLauncherInterceptor.java:25)
	at org.junit.platform.launcher.core.InterceptingLauncher.execute(InterceptingLauncher.java:40)
	at org.junit.platform.launcher.core.DelegatingLauncher.execute(DelegatingLauncher.java:48)
	at org.junit.platform.launcher.core.SessionPerRequestLauncher.execute(SessionPerRequestLauncher.java:67)
	at com.intellij.junit5.JUnit5IdeaTestRunner.startRunnerWithArgs(JUnit5IdeaTestRunner.java:66)
	at com.intellij.rt.junit.IdeaTestRunner$Repeater$1.execute(IdeaTestRunner.java:38)
	at com.intellij.rt.execution.junit.TestsRepeater.repeat(TestsRepeater.java:11)
	at com.intellij.rt.junit.IdeaTestRunner$Repeater.startRunnerWithArgs(IdeaTestRunner.java:35)
	at com.intellij.rt.junit.JUnitStarter.prepareStreamsAndStart(JUnitStarter.java:231)
	at com.intellij.rt.junit.JUnitStarter.main(JUnitStarter.java:55)
2025-12-26 23:11:30 DEBUG o.s.t.c.cache - Spring test ApplicationContext cache statistics: [DefaultContextCache@796eeafb size = 1, maxSize = 32, contextUsageCount = 1, parentContextCount = 0, hitCount = 17, missCount = 1, failureCount = 0]
2025-12-26 23:11:30 DEBUG o.s.t.c.cache - Spring test ApplicationContext cache statistics: [DefaultContextCache@796eeafb size = 1, maxSize = 32, contextUsageCount = 1, parentContextCount = 0, hitCount = 18, missCount = 1, failureCount = 0]
2025-12-26 23:11:30 DEBUG o.s.t.c.cache - Spring test ApplicationContext cache statistics: [DefaultContextCache@796eeafb size = 1, maxSize = 32, contextUsageCount = 1, parentContextCount = 0, hitCount = 19, missCount = 1, failureCount = 0]
2025-12-26 23:11:30 DEBUG o.s.t.c.cache - Spring test ApplicationContext cache statistics: [DefaultContextCache@796eeafb size = 1, maxSize = 32, contextUsageCount = 1, parentContextCount = 0, hitCount = 20, missCount = 1, failureCount = 0]
2025-12-26 23:11:30 DEBUG o.s.t.c.cache - Spring test ApplicationContext cache statistics: [DefaultContextCache@796eeafb size = 1, maxSize = 32, contextUsageCount = 1, parentContextCount = 0, hitCount = 21, missCount = 1, failureCount = 0]
2025-12-26 23:11:30 DEBUG o.s.t.c.s.DirtiesContextTestExecutionListener - After test method: class [ProjectionReadyFeaturesApplicationTests], method [getEmployeeByIdTest], class annotated with @DirtiesContext [false] with mode [null], method annotated with @DirtiesContext [false] with mode [null]
2025-12-26 23:11:30 DEBUG o.s.t.c.w.ServletTestExecutionListener - Resetting RequestContextHolder for test class com.projects.parthiv.projection_ready_features.ProjectionReadyFeaturesApplicationTests
2025-12-26 23:11:30 DEBUG o.s.t.c.cache - Spring test ApplicationContext cache statistics: [DefaultContextCache@796eeafb size = 1, maxSize = 32, contextUsageCount = 1, parentContextCount = 0, hitCount = 22, missCount = 1, failureCount = 0]
2025-12-26 23:11:30 DEBUG o.s.t.c.w.ServletTestExecutionListener - Setting up MockHttpServletRequest, MockHttpServletResponse, ServletWebRequest, and RequestContextHolder for test class com.projects.parthiv.projection_ready_features.ProjectionReadyFeaturesApplicationTests
2025-12-26 23:11:30 DEBUG o.s.t.c.s.DependencyInjectionTestExecutionListener - Performing dependency injection for test class com.projects.parthiv.projection_ready_features.ProjectionReadyFeaturesApplicationTests
2025-12-26 23:11:30 DEBUG o.s.t.c.cache - Spring test ApplicationContext cache statistics: [DefaultContextCache@796eeafb size = 1, maxSize = 32, contextUsageCount = 1, parentContextCount = 0, hitCount = 23, missCount = 1, failureCount = 0]
2025-12-26 23:11:30 DEBUG o.s.t.c.cache - Spring test ApplicationContext cache statistics: [DefaultContextCache@796eeafb size = 1, maxSize = 32, contextUsageCount = 1, parentContextCount = 0, hitCount = 24, missCount = 1, failureCount = 0]
2025-12-26 23:11:30 DEBUG o.s.t.c.s.DirtiesContextBeforeModesTestExecutionListener - Before test method: class [ProjectionReadyFeaturesApplicationTests], method [getAllEmployees], class annotated with @DirtiesContext [false] with mode [null], method annotated with @DirtiesContext [false] with mode [null]
2025-12-26 23:11:30 DEBUG o.s.t.c.cache - Spring test ApplicationContext cache statistics: [DefaultContextCache@796eeafb size = 1, maxSize = 32, contextUsageCount = 1, parentContextCount = 0, hitCount = 25, missCount = 1, failureCount = 0]
2025-12-26 23:11:30 DEBUG o.s.t.c.cache - Spring test ApplicationContext cache statistics: [DefaultContextCache@796eeafb size = 1, maxSize = 32, contextUsageCount = 1, parentContextCount = 0, hitCount = 26, missCount = 1, failureCount = 0]
2025-12-26 23:11:30 DEBUG o.s.t.c.cache - Spring test ApplicationContext cache statistics: [DefaultContextCache@796eeafb size = 1, maxSize = 32, contextUsageCount = 1, parentContextCount = 0, hitCount = 27, missCount = 1, failureCount = 0]
2025-12-26 23:11:30 INFO  c.p.p.p.i.EmployeeClientImpl - Attempting to call the restClient method in getAllEmployees
2025-12-26 23:11:30 DEBUG o.s.w.c.DefaultRestClient - Reading to [com.projects.parthiv.projection_ready_features.advice.ApiResponse<java.util.List<com.projects.parthiv.projection_ready_features.dto.EmployeeDTO>>]
2025-12-26 23:11:30 DEBUG c.p.p.p.i.EmployeeClientImpl - Successfully retrieved employees in getAllEmployees
2025-12-26 23:11:30 DEBUG o.s.t.c.cache - Spring test ApplicationContext cache statistics: [DefaultContextCache@796eeafb size = 1, maxSize = 32, contextUsageCount = 1, parentContextCount = 0, hitCount = 28, missCount = 1, failureCount = 0]
2025-12-26 23:11:30 DEBUG o.s.t.c.cache - Spring test ApplicationContext cache statistics: [DefaultContextCache@796eeafb size = 1, maxSize = 32, contextUsageCount = 1, parentContextCount = 0, hitCount = 29, missCount = 1, failureCount = 0]
2025-12-26 23:11:30 DEBUG o.s.t.c.cache - Spring test ApplicationContext cache statistics: [DefaultContextCache@796eeafb size = 1, maxSize = 32, contextUsageCount = 1, parentContextCount = 0, hitCount = 30, missCount = 1, failureCount = 0]
2025-12-26 23:11:30 DEBUG o.s.t.c.cache - Spring test ApplicationContext cache statistics: [DefaultContextCache@796eeafb size = 1, maxSize = 32, contextUsageCount = 1, parentContextCount = 0, hitCount = 31, missCount = 1, failureCount = 0]
2025-12-26 23:11:30 DEBUG o.s.t.c.cache - Spring test ApplicationContext cache statistics: [DefaultContextCache@796eeafb size = 1, maxSize = 32, contextUsageCount = 1, parentContextCount = 0, hitCount = 32, missCount = 1, failureCount = 0]
2025-12-26 23:11:30 DEBUG o.s.t.c.s.DirtiesContextTestExecutionListener - After test method: class [ProjectionReadyFeaturesApplicationTests], method [getAllEmployees], class annotated with @DirtiesContext [false] with mode [null], method annotated with @DirtiesContext [false] with mode [null]
2025-12-26 23:11:30 DEBUG o.s.t.c.w.ServletTestExecutionListener - Resetting RequestContextHolder for test class com.projects.parthiv.projection_ready_features.ProjectionReadyFeaturesApplicationTests
2025-12-26 23:11:30 DEBUG o.s.t.c.cache - Spring test ApplicationContext cache statistics: [DefaultContextCache@796eeafb size = 1, maxSize = 32, contextUsageCount = 1, parentContextCount = 0, hitCount = 33, missCount = 1, failureCount = 0]
2025-12-26 23:11:30 DEBUG o.s.t.c.w.ServletTestExecutionListener - Setting up MockHttpServletRequest, MockHttpServletResponse, ServletWebRequest, and RequestContextHolder for test class com.projects.parthiv.projection_ready_features.ProjectionReadyFeaturesApplicationTests
2025-12-26 23:11:30 DEBUG o.s.t.c.s.DependencyInjectionTestExecutionListener - Performing dependency injection for test class com.projects.parthiv.projection_ready_features.ProjectionReadyFeaturesApplicationTests
2025-12-26 23:11:30 DEBUG o.s.t.c.cache - Spring test ApplicationContext cache statistics: [DefaultContextCache@796eeafb size = 1, maxSize = 32, contextUsageCount = 1, parentContextCount = 0, hitCount = 34, missCount = 1, failureCount = 0]
2025-12-26 23:11:30 DEBUG o.s.t.c.cache - Spring test ApplicationContext cache statistics: [DefaultContextCache@796eeafb size = 1, maxSize = 32, contextUsageCount = 1, parentContextCount = 0, hitCount = 35, missCount = 1, failureCount = 0]
2025-12-26 23:11:30 DEBUG o.s.t.c.s.DirtiesContextBeforeModesTestExecutionListener - Before test method: class [ProjectionReadyFeaturesApplicationTests], method [contextLoads], class annotated with @DirtiesContext [false] with mode [null], method annotated with @DirtiesContext [false] with mode [null]
2025-12-26 23:11:30 DEBUG o.s.t.c.cache - Spring test ApplicationContext cache statistics: [DefaultContextCache@796eeafb size = 1, maxSize = 32, contextUsageCount = 1, parentContextCount = 0, hitCount = 36, missCount = 1, failureCount = 0]
2025-12-26 23:11:30 DEBUG o.s.t.c.cache - Spring test ApplicationContext cache statistics: [DefaultContextCache@796eeafb size = 1, maxSize = 32, contextUsageCount = 1, parentContextCount = 0, hitCount = 37, missCount = 1, failureCount = 0]
2025-12-26 23:11:30 DEBUG o.s.t.c.cache - Spring test ApplicationContext cache statistics: [DefaultContextCache@796eeafb size = 1, maxSize = 32, contextUsageCount = 1, parentContextCount = 0, hitCount = 38, missCount = 1, failureCount = 0]
2025-12-26 23:11:30 DEBUG o.s.t.c.cache - Spring test ApplicationContext cache statistics: [DefaultContextCache@796eeafb size = 1, maxSize = 32, contextUsageCount = 1, parentContextCount = 0, hitCount = 39, missCount = 1, failureCount = 0]
2025-12-26 23:11:30 DEBUG o.s.t.c.cache - Spring test ApplicationContext cache statistics: [DefaultContextCache@796eeafb size = 1, maxSize = 32, contextUsageCount = 1, parentContextCount = 0, hitCount = 40, missCount = 1, failureCount = 0]
2025-12-26 23:11:30 DEBUG o.s.t.c.cache - Spring test ApplicationContext cache statistics: [DefaultContextCache@796eeafb size = 1, maxSize = 32, contextUsageCount = 1, parentContextCount = 0, hitCount = 41, missCount = 1, failureCount = 0]
2025-12-26 23:11:30 DEBUG o.s.t.c.cache - Spring test ApplicationContext cache statistics: [DefaultContextCache@796eeafb size = 1, maxSize = 32, contextUsageCount = 1, parentContextCount = 0, hitCount = 42, missCount = 1, failureCount = 0]
2025-12-26 23:11:30 DEBUG o.s.t.c.cache - Spring test ApplicationContext cache statistics: [DefaultContextCache@796eeafb size = 1, maxSize = 32, contextUsageCount = 1, parentContextCount = 0, hitCount = 43, missCount = 1, failureCount = 0]
2025-12-26 23:11:30 DEBUG o.s.t.c.s.DirtiesContextTestExecutionListener - After test method: class [ProjectionReadyFeaturesApplicationTests], method [contextLoads], class annotated with @DirtiesContext [false] with mode [null], method annotated with @DirtiesContext [false] with mode [null]
2025-12-26 23:11:30 DEBUG o.s.t.c.w.ServletTestExecutionListener - Resetting RequestContextHolder for test class com.projects.parthiv.projection_ready_features.ProjectionReadyFeaturesApplicationTests
2025-12-26 23:11:30 DEBUG o.s.t.c.cache - Spring test ApplicationContext cache statistics: [DefaultContextCache@796eeafb size = 1, maxSize = 32, contextUsageCount = 1, parentContextCount = 0, hitCount = 44, missCount = 1, failureCount = 0]
2025-12-26 23:11:30 DEBUG o.s.t.c.cache - Spring test ApplicationContext cache statistics: [DefaultContextCache@796eeafb size = 1, maxSize = 32, contextUsageCount = 1, parentContextCount = 0, hitCount = 45, missCount = 1, failureCount = 0]
2025-12-26 23:11:30 DEBUG o.s.t.c.s.DirtiesContextTestExecutionListener - After test class: class [ProjectionReadyFeaturesApplicationTests], class annotated with @DirtiesContext [false] with mode [null]
2025-12-26 23:11:30 DEBUG o.s.c.s.DefaultLifecycleProcessor - Stopping beans in phase 1073741823
2025-12-26 23:11:30 DEBUG o.s.c.s.DefaultLifecycleProcessor - Bean 'applicationTaskExecutor' completed its stop procedure
2025-12-26 23:11:30 DEBUG o.s.c.s.DefaultLifecycleProcessor - Stopping beans in phase -2147483647
2025-12-26 23:11:30 DEBUG o.s.c.s.DefaultLifecycleProcessor - Bean 'springBootLoggingLifecycle' completed its stop procedure
2025-12-26 23:11:30 DEBUG o.s.w.c.s.GenericWebApplicationContext - Closing org.springframework.web.context.support.GenericWebApplicationContext@3db972d2, started on Fri Dec 26 23:11:28 IST 2025
2025-12-26 23:11:30 DEBUG o.s.c.s.DefaultLifecycleProcessor - Stopping beans in phase 1073741823
2025-12-26 23:11:30 DEBUG o.s.c.s.DefaultLifecycleProcessor - Stopping beans in phase -2147483647
2025-12-26 23:11:30 INFO  o.s.o.j.LocalContainerEntityManagerFactoryBean - Closing JPA EntityManagerFactory for persistence unit 'default'
2025-12-26 23:11:30 DEBUG o.h.o.factory - HHH90020005: Closing factory [41ad6300-ad5c-42f8-a546-7d5a8bc506a7]
2025-12-26 23:11:30 INFO  c.z.h.HikariDataSource - HikariPool-1 - Shutdown initiated...
2025-12-26 23:11:30 DEBUG c.z.h.p.HikariPool - HikariPool-1 - Before shutdown stats (total=10/10, idle=10/10, active=0, waiting=0)
2025-12-26 23:11:30 DEBUG c.z.h.p.PoolBase - HikariPool-1 - Closing connection com.mysql.cj.jdbc.ConnectionImpl@31fc658f: (connection evicted)
2025-12-26 23:11:30 DEBUG c.z.h.p.PoolBase - HikariPool-1 - Closing connection com.mysql.cj.jdbc.ConnectionImpl@70394525: (connection evicted)
2025-12-26 23:11:30 DEBUG c.z.h.p.PoolBase - HikariPool-1 - Closing connection com.mysql.cj.jdbc.ConnectionImpl@1016ba6a: (connection evicted)
2025-12-26 23:11:30 DEBUG c.z.h.p.PoolBase - HikariPool-1 - Closing connection com.mysql.cj.jdbc.ConnectionImpl@145846dd: (connection evicted)
2025-12-26 23:11:30 DEBUG c.z.h.p.PoolBase - HikariPool-1 - Closing connection com.mysql.cj.jdbc.ConnectionImpl@76a1a0a9: (connection evicted)
2025-12-26 23:11:30 DEBUG c.z.h.p.PoolBase - HikariPool-1 - Closing connection com.mysql.cj.jdbc.ConnectionImpl@6b80c84d: (connection evicted)
2025-12-26 23:11:30 DEBUG c.z.h.p.PoolBase - HikariPool-1 - Closing connection com.mysql.cj.jdbc.ConnectionImpl@3b184cb6: (connection evicted)
2025-12-26 23:11:30 DEBUG c.z.h.p.PoolBase - HikariPool-1 - Closing connection com.mysql.cj.jdbc.ConnectionImpl@4c2823ee: (connection evicted)
2025-12-26 23:11:30 DEBUG c.z.h.p.PoolBase - HikariPool-1 - Closing connection com.mysql.cj.jdbc.ConnectionImpl@5ef42bef: (connection evicted)
2025-12-26 23:11:30 DEBUG c.z.h.p.PoolBase - HikariPool-1 - Closing connection com.mysql.cj.jdbc.ConnectionImpl@1682685a: (connection evicted)
2025-12-26 23:11:30 DEBUG c.z.h.p.HikariPool - HikariPool-1 - After  shutdown stats (total=0/10, idle=0/10, active=0, waiting=0)
2025-12-26 23:11:30 INFO  c.z.h.HikariDataSource - HikariPool-1 - Shutdown completed.
2025-12-26 23:11:30 DEBUG o.s.s.c.ThreadPoolTaskExecutor - Shutting down ExecutorService 'applicationTaskExecutor'
2025-12-26 23:11:59 DEBUG c.z.h.p.HikariPool - HikariPool-7 - Pool stats (total=10/10, idle=10/10, active=0, waiting=0)
2025-12-26 23:11:59 DEBUG c.z.h.p.HikariPool - HikariPool-7 - Fill pool skipped, pool has sufficient level or currently being filled.
2025-12-26 23:12:29 DEBUG c.z.h.p.HikariPool - HikariPool-7 - Pool stats (total=10/10, idle=10/10, active=0, waiting=0)
2025-12-26 23:12:29 DEBUG c.z.h.p.HikariPool - HikariPool-7 - Fill pool skipped, pool has sufficient level or currently being filled.
